family,size_param,pb_vars,pb_constraints,opb_bytes,roundingsat_time_s,roundingsat_status,rsat_log_lines,rsat_log_bytes,veripb_proof_lines,veripb_proof_bytes,veripb_elaborate_time_s,kernel_cert_chars,native_decide_time_s,module_build_time_s,cnf_clauses,sat_solver,sat_time_s,sat_status,drat_lines,drat_bytes,drat_trim_time_s,drat_trim_status
php,2,3,2,104,0.0037,UNSAT,7,157,7,168,0.0023,168,,,9,cadical,0.0023,UNSAT,7,29,0.0503,VERIFIED
php,3,8,7,256,0.0025,UNSAT,7,180,7,191,0.0026,191,,,22,cadical,0.0027,UNSAT,15,80,0.0439,VERIFIED
php,4,15,14,496,0.0030,UNSAT,7,210,7,221,0.0021,221,,,45,cadical,0.0026,UNSAT,59,552,0.0519,VERIFIED
php,5,24,23,813,0.0030,UNSAT,7,234,7,245,0.0025,245,,,81,cadical,0.0031,UNSAT,245,3490,0.0522,VERIFIED
php,6,35,34,1203,0.0031,UNSAT,7,258,7,269,0.0025,269,,,133,cadical,0.0070,UNSAT,2000,41456,0.0595,VERIFIED
php,7,48,47,1669,0.0032,UNSAT,7,282,7,293,0.0025,293,,,204,cadical,0.0373,UNSAT,15143,470751,0.0769,VERIFIED
php,8,63,62,2209,0.0032,UNSAT,7,306,7,317,0.0026,317,,,297,cadical,0.2747,UNSAT,97904,3922956,0.3193,VERIFIED
php,9,80,79,2823,0.0033,UNSAT,7,330,7,341,0.0024,341,,,415,cadical,2.2657,UNSAT,517775,27696739,2.9743,VERIFIED
php,10,99,98,3520,0.0041,UNSAT,7,355,7,366,0.0023,366,,,561,cadical,19.9284,UNSAT,4113241,216736778,27.8307,VERIFIED
php,11,120,119,4363,0.0038,UNSAT,7,392,7,403,0.0025,403,,,738,cadical,280.4275,UNSAT,27490336,2195399081,407.2950,VERIFIED
php,12,143,142,5289,0.0047,UNSAT,7,417,7,428,0.0026,428,,,949,cadical,,TIMEOUT,,,,
php,13,168,167,6297,0.0044,UNSAT,7,442,7,453,0.0024,453,,,,,,,,,,
php,14,195,194,7386,0.0043,UNSAT,7,467,7,478,0.0024,478,,,,,,,,,,
php,15,224,223,8559,0.0051,UNSAT,7,492,7,503,0.0025,503,,,,,,,,,,
php,16,255,254,9812,0.0055,UNSAT,7,517,7,528,0.0025,528,,,,,,,,,,
php,17,288,287,11149,0.0053,UNSAT,7,542,7,553,0.0030,553,,,,,,,,,,
php,18,323,322,12566,0.0045,UNSAT,7,567,7,578,0.0026,578,,,,,,,,,,
php,19,360,359,14067,0.0059,UNSAT,7,592,7,603,0.0028,603,,,,,,,,,,
php,20,399,398,15650,0.0063,UNSAT,7,617,7,628,0.0028,628,,,,,,,,,,
mutilated,2,20,28,813,0.0037,UNSAT,7,445,7,456,0.0022,456,,,56,cadical,0.0024,UNSAT,16,79,0.0454,VERIFIED
mutilated,3,56,68,2173,0.0041,UNSAT,7,926,7,937,0.0022,937,,,172,cadical,0.0025,UNSAT,68,704,0.0528,VERIFIED
mutilated,4,108,124,4163,0.0055,UNSAT,7,1613,7,1624,0.0024,1624,,,344,cadical,0.0050,UNSAT,835,16404,0.0569,VERIFIED
mutilated,5,176,196,6979,0.0075,UNSAT,7,2514,7,2525,0.0024,2525,,,572,cadical,0.0544,UNSAT,14847,479107,0.0822,VERIFIED
mutilated,6,260,284,10451,0.0093,UNSAT,7,3613,7,3624,0.0024,3624,,,856,cadical,0.5060,UNSAT,109813,5009138,0.4672,VERIFIED
mutilated,7,360,388,14579,0.0112,UNSAT,8,4980,8,4986,0.0030,4986,,,1196,cadical,24.1980,UNSAT,2811941,173679898,29.5058,VERIFIED
mutilated,8,476,508,19363,0.0131,UNSAT,7,6414,7,6425,0.0030,6425,,,,,,,,,,
oddcycle,3,3,6,171,0.0052,UNSAT,11,206,11,224,0.0023,224,,,6,cadical,0.0025,UNSAT,4,15,0.0477,VERIFIED
oddcycle,5,5,10,252,0.0023,UNSAT,13,261,13,283,0.0025,283,,,10,cadical,0.0024,UNSAT,6,25,0.0504,VERIFIED
oddcycle,7,7,14,332,0.0024,UNSAT,15,321,15,347,0.0025,347,,,14,cadical,0.0026,UNSAT,8,33,0.0476,VERIFIED
oddcycle,9,9,18,412,0.0025,UNSAT,17,375,17,405,0.0029,405,,,18,cadical,0.0026,UNSAT,10,43,0.0488,VERIFIED
oddcycle,11,11,22,501,0.0023,UNSAT,19,437,19,471,0.0027,471,,,22,cadical,0.0025,UNSAT,12,53,0.0445,VERIFIED
oddcycle,15,15,30,677,0.0024,UNSAT,23,555,23,597,0.0023,597,,,30,cadical,0.0024,UNSAT,16,75,0.0448,VERIFIED
oddcycle,21,21,42,941,0.0028,UNSAT,29,731,29,785,0.0027,785,,,42,cadical,0.0026,UNSAT,22,109,0.0438,VERIFIED
oddcycle,31,31,62,1381,0.0023,UNSAT,39,1029,39,1103,0.0022,1103,,,62,cadical,0.0026,UNSAT,32,163,0.0551,VERIFIED
oddcycle,51,51,102,2262,0.0028,UNSAT,59,1677,59,1791,0.0025,1791,,,102,cadical,0.0030,UNSAT,52,273,0.0530,VERIFIED
oddcycle,75,75,150,3318,0.0029,UNSAT,83,2457,83,2619,0.0030,2619,,,150,cadical,0.0028,UNSAT,76,405,0.0518,VERIFIED
oddcycle,101,101,202,4471,0.0033,UNSAT,109,3301,109,3515,0.0027,3515,,,202,cadical,0.0026,UNSAT,102,551,0.0523,VERIFIED
oddcycle,151,151,302,6871,0.0041,UNSAT,159,4979,159,5293,0.0027,5293,,,302,cadical,0.0025,UNSAT,152,875,0.0524,VERIFIED
oddcycle,201,201,402,9271,0.0053,UNSAT,209,6653,209,7067,0.0029,7067,,,402,cadical,0.0025,UNSAT,202,1201,0.0532,VERIFIED
oddcycle,301,301,602,14071,0.0051,UNSAT,309,10003,309,10617,0.0029,10617,,,602,cadical,0.0028,UNSAT,302,1851,0.0520,VERIFIED
oddcycle,501,501,1002,23672,0.0061,UNSAT,509,17211,509,18225,0.0036,18225,,,1002,cadical,0.0029,UNSAT,502,3151,0.0533,VERIFIED
oddcycle,751,751,1502,35672,0.0092,UNSAT,759,26339,759,27853,0.0037,27853,,,1502,cadical,0.0034,UNSAT,752,4775,0.0556,VERIFIED
oddcycle,1001,1001,2002,47681,0.0090,UNSAT,1009,35463,1009,37477,0.0054,37477,,,2002,cadical,0.0034,UNSAT,1002,6403,0.0530,VERIFIED
