problem,size,variant,solver,backend,status,time_median,time_mean,time_std,time_min,time_max,par2,num_runs,num_sat,num_unsat,num_timeout,num_error
graphcoloring_kcolorable,10,base,gecode,minizinc,SAT,0.000120898,0.000114299,1.3158337926957187e-05,9.9147e-05,0.000122852,0.000114299,3,3,0,0,0
graphcoloring_kcolorable,10,base,chuffed,minizinc,SAT,0.0,0.0,0.0,0.0,0.0,0.0,3,3,0,0,0
graphcoloring_kcolorable,10,base,z3,smt,SAT,0.01,0.013333333333333334,0.005773502691896258,0.01,0.02,0.013333333333333334,3,3,0,0,0
graphcoloring_kcolorable,10,base,cvc5,smt,SAT,0.005,0.004333333333333333,0.0011547005383792516,0.003,0.005,0.004333333333333333,3,3,0,0,0
graphcoloring_kcolorable,10,sbc,gecode,minizinc,SAT,9.9888e-05,9.835566666666667e-05,4.522575188245447e-06,9.3266e-05,0.000101913,9.835566666666667e-05,3,3,0,0,0
graphcoloring_kcolorable,10,sbc,chuffed,minizinc,SAT,0.0,0.0,0.0,0.0,0.0,0.0,3,3,0,0,0
graphcoloring_kcolorable,10,sbc,z3,smt,SAT,0.01,0.01,0.0,0.01,0.01,0.01,3,3,0,0,0
graphcoloring_kcolorable,10,sbc,cvc5,smt,SAT,0.004,0.004,0.0,0.004,0.004,0.004,3,3,0,0,0
graphcoloring_kcolorable,20,base,gecode,minizinc,SAT,0.000104377,0.00010885200000000001,1.6453428487704323e-05,9.5099e-05,0.00012708,0.00010885200000000001,3,3,0,0,0
graphcoloring_kcolorable,20,base,chuffed,minizinc,SAT,0.0,0.0,0.0,0.0,0.0,0.0,3,3,0,0,0
graphcoloring_kcolorable,20,base,z3,smt,SAT,0.02,0.02,0.0,0.02,0.02,0.02,3,3,0,0,0
graphcoloring_kcolorable,20,base,cvc5,smt,SAT,0.011,0.011,0.001,0.01,0.012,0.011,3,3,0,0,0
graphcoloring_kcolorable,20,sbc,gecode,minizinc,SAT,0.000138081,0.00013240966666666667,1.6115669931260488e-05,0.000114225,0.000144923,0.00013240966666666667,3,3,0,0,0
graphcoloring_kcolorable,20,sbc,chuffed,minizinc,SAT,0.0,0.0,0.0,0.0,0.0,0.0,3,3,0,0,0
graphcoloring_kcolorable,20,sbc,z3,smt,SAT,0.02,0.016666666666666666,0.005773502691896258,0.01,0.02,0.016666666666666666,3,3,0,0,0
graphcoloring_kcolorable,20,sbc,cvc5,smt,SAT,0.012,0.012666666666666666,0.003055050463303893,0.01,0.016,0.012666666666666666,3,3,0,0,0
graphcoloring_kcolorable,30,base,gecode,minizinc,SAT,0.000144834,0.0001364543333333333,2.1259454751553092e-05,0.000112282,0.000152247,0.0001364543333333333,3,3,0,0,0
graphcoloring_kcolorable,30,base,chuffed,minizinc,SAT,0.0,0.0003333333333333333,0.0005773502691896258,0.0,0.001,0.0003333333333333333,3,3,0,0,0
graphcoloring_kcolorable,30,base,z3,smt,SAT,0.03,0.026666666666666665,0.005773502691896257,0.02,0.03,0.026666666666666665,3,3,0,0,0
graphcoloring_kcolorable,30,base,cvc5,smt,SAT,0.025,0.027,0.0043588989435406735,0.024,0.032,0.027,3,3,0,0,0
graphcoloring_kcolorable,30,sbc,gecode,minizinc,SAT,0.000128282,0.00012806833333333333,8.217583606713914e-06,0.000119746,0.000136177,0.00012806833333333333,3,3,0,0,0
graphcoloring_kcolorable,30,sbc,chuffed,minizinc,SAT,0.0,0.0,0.0,0.0,0.0,0.0,3,3,0,0,0
graphcoloring_kcolorable,30,sbc,z3,smt,SAT,0.02,0.02,0.0,0.02,0.02,0.02,3,3,0,0,0
graphcoloring_kcolorable,30,sbc,cvc5,smt,SAT,0.017,0.017333333333333333,0.0015275252316519462,0.016,0.019,0.017333333333333333,3,3,0,0,0
graphcoloring_kcolorable,40,base,gecode,minizinc,SAT,0.000127501,0.00013041966666666667,8.261185528320572e-06,0.000124014,0.000139744,0.00013041966666666667,3,3,0,0,0
graphcoloring_kcolorable,40,base,chuffed,minizinc,SAT,0.0,0.0003333333333333333,0.0005773502691896258,0.0,0.001,0.0003333333333333333,3,3,0,0,0
graphcoloring_kcolorable,40,base,z3,smt,SAT,0.05,0.04666666666666667,0.005773502691896259,0.04,0.05,0.04666666666666667,3,3,0,0,0
graphcoloring_kcolorable,40,base,cvc5,smt,SAT,0.076,0.07766666666666666,0.0028867513459481316,0.076,0.081,0.07766666666666666,3,3,0,0,0
graphcoloring_kcolorable,40,sbc,gecode,minizinc,SAT,0.000139813,0.00014399466666666666,2.3544674819018695e-05,0.000122821,0.00016935,0.00014399466666666666,3,3,0,0,0
graphcoloring_kcolorable,40,sbc,chuffed,minizinc,SAT,0.0,0.0003333333333333333,0.0005773502691896258,0.0,0.001,0.0003333333333333333,3,3,0,0,0
graphcoloring_kcolorable,40,sbc,z3,smt,SAT,0.04,0.043333333333333335,0.005773502691896259,0.04,0.05,0.043333333333333335,3,3,0,0,0
graphcoloring_kcolorable,40,sbc,cvc5,smt,SAT,0.068,0.07200000000000001,0.009643650760992956,0.065,0.083,0.07200000000000001,3,3,0,0,0
graphcoloring_kcolorable,50,base,gecode,minizinc,SAT,0.000199556,0.00018469466666666667,2.6245352928343966e-05,0.000154391,0.000200137,0.00018469466666666667,3,3,0,0,0
graphcoloring_kcolorable,50,base,chuffed,minizinc,SAT,0.001,0.0013333333333333333,0.0005773502691896258,0.001,0.002,0.0013333333333333333,3,3,0,0,0
graphcoloring_kcolorable,50,base,z3,smt,SAT,0.14,0.14333333333333334,0.005773502691896247,0.14,0.15,0.14333333333333334,3,3,0,0,0
graphcoloring_kcolorable,50,base,cvc5,smt,SAT,0.276,0.276,0.0020000000000000018,0.274,0.278,0.276,3,3,0,0,0
graphcoloring_kcolorable,50,sbc,gecode,minizinc,SAT,0.000172927,0.0001747,9.54678757488612e-06,0.000166164,0.000185009,0.0001747,3,3,0,0,0
graphcoloring_kcolorable,50,sbc,chuffed,minizinc,SAT,0.0,0.0,0.0,0.0,0.0,0.0,3,3,0,0,0
graphcoloring_kcolorable,50,sbc,z3,smt,SAT,0.14,0.14,0.0,0.14,0.14,0.14,3,3,0,0,0
graphcoloring_kcolorable,50,sbc,cvc5,smt,SAT,0.261,0.255,0.01587450786638756,0.237,0.267,0.255,3,3,0,0,0
graphcoloring_kcolorable,60,base,gecode,minizinc,SAT,0.000215296,0.00022277033333333333,3.841083735527426e-05,0.000188646,0.000264369,0.00022277033333333333,3,3,0,0,0
graphcoloring_kcolorable,60,base,chuffed,minizinc,SAT,0.004,0.0036666666666666666,0.0005773502691896258,0.003,0.004,0.0036666666666666666,3,3,0,0,0
graphcoloring_kcolorable,60,base,z3,smt,SAT,0.22,0.22333333333333333,0.005773502691896263,0.22,0.23,0.22333333333333333,3,3,0,0,0
graphcoloring_kcolorable,60,base,cvc5,smt,SAT,0.441,0.44133333333333336,0.011503622617824942,0.43,0.453,0.44133333333333336,3,3,0,0,0
graphcoloring_kcolorable,60,sbc,gecode,minizinc,SAT,0.000199096,0.00022452033333333332,4.5967826752342045e-05,0.000196881,0.000277584,0.00022452033333333332,3,3,0,0,0
graphcoloring_kcolorable,60,sbc,chuffed,minizinc,SAT,0.001,0.0006666666666666666,0.0005773502691896258,0.0,0.001,0.0006666666666666666,3,3,0,0,0
graphcoloring_kcolorable,60,sbc,z3,smt,SAT,0.24,0.24333333333333332,0.005773502691896263,0.24,0.25,0.24333333333333332,3,3,0,0,0
graphcoloring_kcolorable,60,sbc,cvc5,smt,SAT,0.38,0.38,0.008000000000000007,0.372,0.388,0.38,3,3,0,0,0
graphcoloring_kcolorable,70,base,gecode,minizinc,SAT,0.000233621,0.000232562,3.3879924734272834e-06,0.000228771,0.000235294,0.000232562,3,3,0,0,0
graphcoloring_kcolorable,70,base,chuffed,minizinc,SAT,0.221,0.23233333333333334,0.02318045153428495,0.217,0.259,0.23233333333333334,3,3,0,0,0
graphcoloring_kcolorable,70,base,z3,smt,SAT,1.69,1.6933333333333334,0.005773502691896263,1.69,1.7,1.6933333333333334,3,3,0,0,0
graphcoloring_kcolorable,70,base,cvc5,smt,SAT,1.324,1.34,0.030347981810987034,1.321,1.375,1.34,3,3,0,0,0
graphcoloring_kcolorable,70,sbc,gecode,minizinc,SAT,0.000236827,0.000236049,4.65303975912521e-06,0.000231056,0.000240264,0.000236049,3,3,0,0,0
graphcoloring_kcolorable,70,sbc,chuffed,minizinc,SAT,0.065,0.066,0.002645751311064593,0.064,0.069,0.066,3,3,0,0,0
graphcoloring_kcolorable,70,sbc,z3,smt,SAT,1.67,1.6633333333333333,0.011547005383792526,1.65,1.67,1.6633333333333333,3,3,0,0,0
graphcoloring_kcolorable,70,sbc,cvc5,smt,SAT,3.657,3.6933333333333334,0.22966569907875523,3.484,3.939,3.6933333333333334,3,3,0,0,0
graphcoloring_kcolorable,80,base,gecode,minizinc,SAT,0.000376491,0.00035774900000000003,8.267198371879073e-05,0.000267315,0.000429441,0.00035774900000000003,3,3,0,0,0
graphcoloring_kcolorable,80,base,chuffed,minizinc,SAT,0.612,0.6143333333333333,0.00585946527708232,0.61,0.621,0.6143333333333333,3,3,0,0,0
graphcoloring_kcolorable,80,base,z3,smt,SAT,18.09,18.21,0.3080584360149864,17.98,18.56,18.21,3,3,0,0,0
graphcoloring_kcolorable,80,base,cvc5,smt,SAT,1.902,1.9073333333333333,0.033321664624285145,1.877,1.943,1.9073333333333333,3,3,0,0,0
graphcoloring_kcolorable,80,sbc,gecode,minizinc,SAT,0.000262065,0.000294319,5.963620114494216e-05,0.000257756,0.000363136,0.000294319,3,3,0,0,0
graphcoloring_kcolorable,80,sbc,chuffed,minizinc,SAT,0.177,0.17733333333333332,0.0035118845842842493,0.174,0.181,0.17733333333333332,3,3,0,0,0
graphcoloring_kcolorable,80,sbc,z3,smt,SAT,3.89,3.87,0.1212435565298213,3.74,3.98,3.87,3,3,0,0,0
graphcoloring_kcolorable,80,sbc,cvc5,smt,SAT,2.219,2.2746666666666666,0.09641749495466766,2.219,2.386,2.2746666666666666,3,3,0,0,0
graphcoloring_kcolorable,90,base,gecode,minizinc,SAT,0.000450791,0.00041504666666666666,7.356994878571911e-05,0.000330434,0.000463915,0.00041504666666666666,3,3,0,0,0
graphcoloring_kcolorable,90,base,chuffed,minizinc,SAT,0.304,0.306,0.003464101615137758,0.304,0.31,0.306,3,3,0,0,0
graphcoloring_kcolorable,90,base,z3,smt,SAT,22.84,22.793333333333333,0.9308777220093587,21.84,23.7,22.793333333333333,3,3,0,0,0
graphcoloring_kcolorable,90,base,cvc5,smt,SAT,9.357,8.821333333333333,1.120082288643711,7.534,9.573,8.821333333333333,3,3,0,0,0
graphcoloring_kcolorable,90,sbc,gecode,minizinc,SAT,0.000316617,0.0003590006666666667,7.673035867460371e-05,0.000312811,0.000447574,0.0003590006666666667,3,3,0,0,0
graphcoloring_kcolorable,90,sbc,chuffed,minizinc,SAT,1.021,1.0143333333333333,0.011547005383792526,1.001,1.021,1.0143333333333333,3,3,0,0,0
graphcoloring_kcolorable,90,sbc,z3,smt,SAT,14.31,14.236666666666666,0.16289055630494112,14.05,14.35,14.236666666666666,3,3,0,0,0
graphcoloring_kcolorable,90,sbc,cvc5,smt,SAT,4.502,4.563666666666666,0.7913041977225531,3.805,5.384,4.563666666666666,3,3,0,0,0
graphcoloring_kcolorable,100,base,gecode,minizinc,SAT,0.000575255,0.0005794666666666667,2.2544508385266135e-05,0.000559325,0.00060382,0.0005794666666666667,3,3,0,0,0
graphcoloring_kcolorable,100,base,chuffed,minizinc,SAT,2.329,2.3026666666666666,0.08945576187889377,2.203,2.376,2.3026666666666666,3,3,0,0,0
graphcoloring_kcolorable,100,base,z3,smt,TIMEOUT,,,,,,240,3,0,0,3,0
graphcoloring_kcolorable,100,base,cvc5,smt,SAT,42.524,42.47533333333333,0.9809058738397555,41.471,43.431,42.47533333333333,3,3,0,0,0
graphcoloring_kcolorable,100,sbc,gecode,minizinc,SAT,0.000751839,0.0007415326666666667,9.417043932324697e-05,0.000642633,0.000830126,0.0007415326666666667,3,3,0,0,0
graphcoloring_kcolorable,100,sbc,chuffed,minizinc,SAT,0.678,0.6910000000000001,0.03724244889907211,0.662,0.733,0.6910000000000001,3,3,0,0,0
graphcoloring_kcolorable,100,sbc,z3,smt,SAT,83.81,83.47,6.03718477437953,77.27,89.33,83.47,3,3,0,0,0
graphcoloring_kcolorable,100,sbc,cvc5,smt,SAT,51.733,51.897,0.8272829020353295,51.164,52.794,51.897,3,3,0,0,0
latin_square,10,base,gecode,minizinc,SAT,0.00041979,0.00040962733333333335,2.1496287803556522e-05,0.000384934,0.000424158,0.00040962733333333335,3,3,0,0,0
latin_square,10,base,chuffed,minizinc,SAT,0.001,0.0006666666666666666,0.0005773502691896258,0.0,0.001,0.0006666666666666666,3,3,0,0,0
latin_square,10,base,z3,smt,TIMEOUT,,,,,,240,3,0,0,3,0
latin_square,10,base,cvc5,smt,SAT,2.865,2.8886666666666665,0.045390894828515146,2.86,2.941,2.8886666666666665,3,3,0,0,0
latin_square,10,sbc,gecode,minizinc,SAT,0.000560413,0.000561238,2.824753707847818e-05,0.000533412,0.000589889,0.000561238,3,3,0,0,0
latin_square,10,sbc,chuffed,minizinc,SAT,0.001,0.001,0.0,0.001,0.001,0.001,3,3,0,0,0
latin_square,10,sbc,z3,smt,TIMEOUT,,,,,,240,3,0,0,3,0
latin_square,10,sbc,cvc5,smt,SAT,2.278,2.3126666666666664,0.10728622154467611,2.227,2.433,2.3126666666666664,3,3,0,0,0
latin_square,15,base,gecode,minizinc,SAT,0.00125851,0.0013921033333333334,0.0002988900000557619,0.00118331,0.00173449,0.0013921033333333334,3,3,0,0,0
latin_square,15,base,chuffed,minizinc,SAT,0.001,0.0013333333333333333,0.0005773502691896258,0.001,0.002,0.0013333333333333333,3,3,0,0,0
latin_square,15,base,z3,smt,TIMEOUT,,,,,,240,3,0,0,3,0
latin_square,15,base,cvc5,smt,TIMEOUT,,,,,,240,3,0,0,3,0
latin_square,15,sbc,gecode,minizinc,SAT,0.00281318,0.0025365333333333333,0.0004802663544673241,0.00198197,0.00281445,0.0025365333333333333,3,3,0,0,0
latin_square,15,sbc,chuffed,minizinc,SAT,0.001,0.001,0.0,0.001,0.001,0.001,3,3,0,0,0
latin_square,15,sbc,z3,smt,TIMEOUT,,,,,,240,3,0,0,3,0
latin_square,15,sbc,cvc5,smt,TIMEOUT,,,,,,240,3,0,0,3,0
latin_square,20,base,gecode,minizinc,SAT,0.00354532,0.0036040066666666666,0.00034490519455835007,0.00329221,0.00397449,0.0036040066666666666,3,3,0,0,0
latin_square,20,base,chuffed,minizinc,SAT,0.003,0.0033333333333333335,0.0005773502691896258,0.003,0.004,0.0033333333333333335,3,3,0,0,0
latin_square,20,base,z3,smt,TIMEOUT,,,,,,240,3,0,0,3,0
latin_square,20,base,cvc5,smt,TIMEOUT,,,,,,240,3,0,0,3,0
latin_square,20,sbc,gecode,minizinc,SAT,0.00603579,0.006137753333333333,0.0005358803775408588,0.00566018,0.00671729,0.006137753333333333,3,3,0,0,0
latin_square,20,sbc,chuffed,minizinc,SAT,0.003,0.0033333333333333335,0.0005773502691896258,0.003,0.004,0.0033333333333333335,3,3,0,0,0
latin_square,20,sbc,z3,smt,TIMEOUT,,,,,,240,3,0,0,3,0
latin_square,20,sbc,cvc5,smt,TIMEOUT,,,,,,240,3,0,0,3,0
latin_square,25,base,gecode,minizinc,SAT,0.00801735,0.008280133333333333,0.0005471218668937787,0.00791398,0.00890907,0.008280133333333333,3,3,0,0,0
latin_square,25,base,chuffed,minizinc,SAT,0.005,0.005,0.0,0.005,0.005,0.005,3,3,0,0,0
latin_square,25,base,z3,smt,TIMEOUT,,,,,,240,3,0,0,3,0
latin_square,25,base,cvc5,smt,TIMEOUT,,,,,,240,3,0,0,3,0
latin_square,25,sbc,gecode,minizinc,SAT,0.0136313,0.0140672,0.0012795058069426642,0.0130626,0.0155077,0.0140672,3,3,0,0,0
latin_square,25,sbc,chuffed,minizinc,SAT,0.005,0.005,0.0,0.005,0.005,0.005,3,3,0,0,0
latin_square,25,sbc,z3,smt,TIMEOUT,,,,,,240,3,0,0,3,0
latin_square,25,sbc,cvc5,smt,TIMEOUT,,,,,,240,3,0,0,3,0
latin_square,30,base,gecode,minizinc,SAT,0.0167448,0.0164663,0.0008865870572030699,0.0154739,0.0171802,0.0164663,3,3,0,0,0
latin_square,30,base,chuffed,minizinc,SAT,0.009,0.009,0.0,0.009,0.009,0.009,3,3,0,0,0
latin_square,30,base,z3,smt,TIMEOUT,,,,,,240,3,0,0,3,0
latin_square,30,base,cvc5,smt,TIMEOUT,,,,,,240,3,0,0,3,0
latin_square,30,sbc,gecode,minizinc,SAT,0.280034,0.276901,0.010876365339579214,0.264802,0.285867,0.276901,3,3,0,0,0
latin_square,30,sbc,chuffed,minizinc,SAT,0.01,0.010666666666666666,0.0011547005383792516,0.01,0.012,0.010666666666666666,3,3,0,0,0
latin_square,30,sbc,z3,smt,TIMEOUT,,,,,,240,3,0,0,3,0
latin_square,30,sbc,cvc5,smt,TIMEOUT,,,,,,240,3,0,0,3,0
latin_square,35,base,gecode,minizinc,SAT,2.87131,2.84679,0.0880975186937749,2.74903,2.92003,2.84679,3,3,0,0,0
latin_square,35,base,chuffed,minizinc,SAT,0.019,0.018666666666666668,0.0015275252316519462,0.017,0.02,0.018666666666666668,3,3,0,0,0
latin_square,35,base,z3,smt,TIMEOUT,,,,,,240,3,0,0,3,0
latin_square,35,base,cvc5,smt,TIMEOUT,,,,,,240,3,0,0,3,0
latin_square,35,sbc,gecode,minizinc,SAT,0.0508658,0.05106446666666667,0.000375709107333498,0.0508298,0.0514978,0.05106446666666667,3,3,0,0,0
latin_square,35,sbc,chuffed,minizinc,SAT,0.017,0.017333333333333333,0.0005773502691896243,0.017,0.018,0.017333333333333333,3,3,0,0,0
latin_square,35,sbc,z3,smt,TIMEOUT,,,,,,240,3,0,0,3,0
latin_square,35,sbc,cvc5,smt,TIMEOUT,,,,,,240,3,0,0,3,0
latin_square,40,base,gecode,minizinc,SAT,26.1657,26.364866666666668,0.6941217784606193,25.7921,27.1368,26.364866666666668,3,3,0,0,0
latin_square,40,base,chuffed,minizinc,SAT,0.022,0.022333333333333334,0.0005773502691896262,0.022,0.023,0.022333333333333334,3,3,0,0,0
latin_square,40,base,z3,smt,TIMEOUT,,,,,,240,3,0,0,3,0
latin_square,40,base,cvc5,smt,TIMEOUT,,,,,,240,3,0,0,3,0
latin_square,40,sbc,gecode,minizinc,SAT,83.5321,84.5202,2.0118118127697695,83.1935,86.835,84.5202,3,3,0,0,0
latin_square,40,sbc,chuffed,minizinc,SAT,0.03,0.030333333333333334,0.0015275252316519466,0.029,0.032,0.030333333333333334,3,3,0,0,0
latin_square,40,sbc,z3,smt,TIMEOUT,,,,,,240,3,0,0,3,0
latin_square,40,sbc,cvc5,smt,TIMEOUT,,,,,,240,3,0,0,3,0
latin_square,45,base,gecode,minizinc,SAT,0.0826939,0.0825152,0.0013338582345961611,0.081101,0.0837507,0.0825152,3,3,0,0,0
latin_square,45,base,chuffed,minizinc,SAT,0.037,0.03666666666666667,0.0015275252316519442,0.035,0.038,0.03666666666666667,3,3,0,0,0
latin_square,45,base,z3,smt,TIMEOUT,,,,,,240,3,0,0,3,0
latin_square,45,base,cvc5,smt,TIMEOUT,,,,,,240,3,0,0,3,0
latin_square,45,sbc,gecode,minizinc,SAT,3.17379,3.1597666666666666,0.04753264597446001,3.1068,3.19871,3.1597666666666666,3,3,0,0,0
latin_square,45,sbc,chuffed,minizinc,SAT,0.048,0.04766666666666667,0.0015275252316519481,0.046,0.049,0.04766666666666667,3,3,0,0,0
latin_square,45,sbc,z3,smt,TIMEOUT,,,,,,240,3,0,0,3,0
latin_square,45,sbc,cvc5,smt,TIMEOUT,,,,,,240,3,0,0,3,0
latin_square,50,base,gecode,minizinc,TIMEOUT,,,,,,240,3,0,0,3,0
latin_square,50,base,chuffed,minizinc,SAT,0.201,0.19033333333333333,0.022030282189144403,0.165,0.205,0.19033333333333333,3,3,0,0,0
latin_square,50,base,z3,smt,TIMEOUT,,,,,,240,3,0,0,3,0
latin_square,50,base,cvc5,smt,TIMEOUT,,,,,,240,3,0,0,3,0
latin_square,50,sbc,gecode,minizinc,SAT,16.2411,15.792166666666667,1.0859796744568175,14.5537,16.5817,15.792166666666667,3,3,0,0,0
latin_square,50,sbc,chuffed,minizinc,SAT,0.092,0.09233333333333334,0.01550268793897798,0.077,0.108,0.09233333333333334,3,3,0,0,0
latin_square,50,sbc,z3,smt,TIMEOUT,,,,,,240,3,0,0,3,0
latin_square,50,sbc,cvc5,smt,TIMEOUT,,,,,,240,3,0,0,3,0
nqueens,10,base,gecode,minizinc,SAT,0.000318803,0.00032897266666666666,2.2647162081226257e-05,0.000313193,0.000354922,0.00032897266666666666,3,3,0,0,0
nqueens,10,base,chuffed,minizinc,SAT,0.001,0.001,0.0,0.001,0.001,0.001,3,3,0,0,0
nqueens,10,base,z3,smt,SAT,0.02,0.02,0.0,0.02,0.02,0.02,3,3,0,0,0
nqueens,10,base,cvc5,smt,SAT,0.066,0.064,0.0052915026221291815,0.058,0.068,0.064,3,3,0,0,0
nqueens,10,sbc,gecode,minizinc,SAT,0.000239153,0.00025888666666666664,3.42845557406441e-05,0.000239032,0.000298475,0.00025888666666666664,3,3,0,0,0
nqueens,10,sbc,chuffed,minizinc,SAT,0.001,0.001,0.0,0.001,0.001,0.001,3,3,0,0,0
nqueens,10,sbc,z3,smt,SAT,0.02,0.02,0.0,0.02,0.02,0.02,3,3,0,0,0
nqueens,10,sbc,cvc5,smt,SAT,0.015,0.014333333333333333,0.0011547005383792516,0.013,0.015,0.014333333333333333,3,3,0,0,0
nqueens,20,base,gecode,minizinc,SAT,0.000460312,0.0004624226666666667,6.139422312671871e-06,0.000457617,0.000469339,0.0004624226666666667,3,3,0,0,0
nqueens,20,base,chuffed,minizinc,SAT,0.002,0.0023333333333333335,0.0005773502691896258,0.002,0.003,0.0023333333333333335,3,3,0,0,0
nqueens,20,base,z3,smt,SAT,0.17,0.17,0.020000000000000004,0.15,0.19,0.17,3,3,0,0,0
nqueens,20,base,cvc5,smt,SAT,0.434,0.4256666666666667,0.020792626898334245,0.402,0.441,0.4256666666666667,3,3,0,0,0
nqueens,20,sbc,gecode,minizinc,SAT,0.000680629,0.0006523983333333333,7.903355334497707e-05,0.000563126,0.00071344,0.0006523983333333333,3,3,0,0,0
nqueens,20,sbc,chuffed,minizinc,SAT,0.003,0.0026666666666666666,0.0005773502691896258,0.002,0.003,0.0026666666666666666,3,3,0,0,0
nqueens,20,sbc,z3,smt,SAT,0.3,0.30333333333333334,0.01527525231651948,0.29,0.32,0.30333333333333334,3,3,0,0,0
nqueens,20,sbc,cvc5,smt,SAT,0.137,0.137,0.011999999999999997,0.125,0.149,0.137,3,3,0,0,0
nqueens,30,base,gecode,minizinc,SAT,0.000654579,0.000629114,5.551023411047736e-05,0.00056544,0.000667323,0.000629114,3,3,0,0,0
nqueens,30,base,chuffed,minizinc,SAT,0.013,0.012666666666666666,0.0005773502691896253,0.012,0.013,0.012666666666666666,3,3,0,0,0
nqueens,30,base,z3,smt,SAT,0.58,0.5966666666666667,0.028867513459481315,0.58,0.63,0.5966666666666667,3,3,0,0,0
nqueens,30,base,cvc5,smt,SAT,1.41,1.3953333333333333,0.1595065306917974,1.229,1.547,1.3953333333333333,3,3,0,0,0
nqueens,30,sbc,gecode,minizinc,SAT,0.000518532,0.0004806466666666667,7.828146228407679e-05,0.00039063,0.000532778,0.0004806466666666667,3,3,0,0,0
nqueens,30,sbc,chuffed,minizinc,SAT,0.046,0.046,0.0010000000000000009,0.045,0.047,0.046,3,3,0,0,0
nqueens,30,sbc,z3,smt,SAT,1.71,1.7066666666666666,0.025166114784235853,1.68,1.73,1.7066666666666666,3,3,0,0,0
nqueens,30,sbc,cvc5,smt,SAT,0.879,0.88,0.03551056180912944,0.845,0.916,0.88,3,3,0,0,0
nqueens,40,base,gecode,minizinc,SAT,0.000757094,0.0007692533333333333,2.641105604350822e-05,0.000751112,0.000799554,0.0007692533333333333,3,3,0,0,0
nqueens,40,base,chuffed,minizinc,SAT,0.129,0.12166666666666667,0.01721433511156715,0.102,0.134,0.12166666666666667,3,3,0,0,0
nqueens,40,base,z3,smt,SAT,32.76,32.70666666666666,0.5021288015373478,32.18,33.18,32.70666666666666,3,3,0,0,0
nqueens,40,base,cvc5,smt,SAT,3.143,3.1266666666666665,0.094563911368626,3.025,3.212,3.1266666666666665,3,3,0,0,0
nqueens,40,sbc,gecode,minizinc,SAT,0.00108847,0.0011049066666666666,3.15577285832383e-05,0.00108496,0.00114129,0.0011049066666666666,3,3,0,0,0
nqueens,40,sbc,chuffed,minizinc,SAT,0.162,0.16233333333333333,0.0025166114784235857,0.16,0.165,0.16233333333333333,3,3,0,0,0
nqueens,40,sbc,z3,smt,SAT,13.16,13.26,0.21794494717703372,13.11,13.51,13.26,3,3,0,0,0
nqueens,40,sbc,cvc5,smt,SAT,3.297,3.356,0.1181228174401542,3.279,3.492,3.356,3,3,0,0,0
nqueens,50,base,gecode,minizinc,SAT,0.00319679,0.00318662,0.00010024266905863995,0.00308168,0.00328139,0.00318662,3,3,0,0,0
nqueens,50,base,chuffed,minizinc,SAT,0.107,0.10866666666666666,0.005686240703077332,0.104,0.115,0.10866666666666666,3,3,0,0,0
nqueens,50,base,z3,smt,TIMEOUT,,,,,,240,3,0,0,3,0
nqueens,50,base,cvc5,smt,SAT,13.569,13.974333333333334,2.0561851408210625,12.151,16.203,13.974333333333334,3,3,0,0,0
nqueens,50,sbc,gecode,minizinc,SAT,0.00117561,0.0011633633333333333,4.7713688112881524e-05,0.00111072,0.00120376,0.0011633633333333333,3,3,0,0,0
nqueens,50,sbc,chuffed,minizinc,SAT,0.046,0.044,0.0052915026221291815,0.038,0.048,0.044,3,3,0,0,0
nqueens,50,sbc,z3,smt,TIMEOUT,,,,,,240,3,0,0,3,0
nqueens,50,sbc,cvc5,smt,SAT,9.998,9.839333333333332,0.5921632657750173,9.184,10.336,9.839333333333332,3,3,0,0,0
nqueens,60,base,gecode,minizinc,SAT,0.00378289,0.004414083333333333,0.0011936234657685535,0.00366858,0.00579078,0.004414083333333333,3,3,0,0,0
nqueens,60,base,chuffed,minizinc,SAT,0.142,0.14166666666666666,0.0005773502691896262,0.141,0.142,0.14166666666666666,3,3,0,0,0
nqueens,60,base,z3,smt,TIMEOUT,,,,,,240,3,0,0,3,0
nqueens,60,base,cvc5,smt,SAT,22.614,22.930333333333333,0.6122142871032433,22.541,23.636,22.930333333333333,3,3,0,0,0
nqueens,60,sbc,gecode,minizinc,SAT,0.0026864,0.00275547,0.00012388298470734395,0.00268152,0.00289849,0.00275547,3,3,0,0,0
nqueens,60,sbc,chuffed,minizinc,SAT,0.101,0.10233333333333333,0.002309401076758497,0.101,0.105,0.10233333333333333,3,3,0,0,0
nqueens,60,sbc,z3,smt,TIMEOUT,,,,,,240,3,0,0,3,0
nqueens,60,sbc,cvc5,smt,SAT,19.0,18.796333333333333,1.33321878674632,17.373,20.016,18.796333333333333,3,3,0,0,0
nqueens,70,base,gecode,minizinc,SAT,0.00203387,0.0020363433333333335,3.836983363702961e-05,0.00199927,0.00207589,0.0020363433333333335,3,3,0,0,0
nqueens,70,base,chuffed,minizinc,SAT,0.178,0.17733333333333332,0.0011547005383792525,0.176,0.178,0.17733333333333332,3,3,0,0,0
nqueens,70,base,z3,smt,TIMEOUT,,,,,,240,3,0,0,3,0
nqueens,70,base,cvc5,smt,SAT,33.435,33.70066666666667,0.8627434921999297,33.002,34.665,33.70066666666667,3,3,0,0,0
nqueens,70,sbc,gecode,minizinc,SAT,0.00347219,0.00353032,0.00011599835214346793,0.00345488,0.00366389,0.00353032,3,3,0,0,0
nqueens,70,sbc,chuffed,minizinc,SAT,1.276,1.2743333333333333,0.0028867513459481953,1.271,1.276,1.2743333333333333,3,3,0,0,0
nqueens,70,sbc,z3,smt,TIMEOUT,,,,,,240,3,0,0,3,0
nqueens,70,sbc,cvc5,smt,SAT,36.541,37.6,5.391082173367422,32.817,43.442,37.6,3,3,0,0,0
nqueens,80,base,gecode,minizinc,SAT,0.00233551,0.0023200833333333333,6.436185309120108e-05,0.00224941,0.00237533,0.0023200833333333333,3,3,0,0,0
nqueens,80,base,chuffed,minizinc,SAT,0.347,0.3476666666666666,0.0030550504633038962,0.345,0.351,0.3476666666666666,3,3,0,0,0
nqueens,80,base,z3,smt,TIMEOUT,,,,,,240,3,0,0,3,0
nqueens,80,base,cvc5,smt,SAT,66.529,66.036,2.775534723256043,63.047,68.532,66.036,3,3,0,0,0
nqueens,80,sbc,gecode,minizinc,SAT,0.0837046,0.0838919,0.0005833550291203398,0.0834252,0.0845459,0.0838919,3,3,0,0,0
nqueens,80,sbc,chuffed,minizinc,SAT,0.407,0.408,0.001732050807568879,0.407,0.41,0.408,3,3,0,0,0
nqueens,80,sbc,z3,smt,TIMEOUT,,,,,,240,3,0,0,3,0
nqueens,80,sbc,cvc5,smt,SAT,80.289,79.33133333333333,1.7539710183846615,77.307,80.398,79.33133333333333,3,3,0,0,0
nqueens,90,base,gecode,minizinc,SAT,0.00967582,0.00965488,6.560613690806616e-05,0.00958136,0.00970746,0.00965488,3,3,0,0,0
nqueens,90,base,chuffed,minizinc,SAT,2.033,2.038333333333333,0.012858201014657285,2.029,2.053,2.038333333333333,3,3,0,0,0
nqueens,90,base,z3,smt,TIMEOUT,,,,,,240,3,0,0,3,0
nqueens,90,base,cvc5,smt,SAT,114.698,116.318,2.88421566461317,114.608,119.648,116.318,3,3,0,0,0
nqueens,90,sbc,gecode,minizinc,SAT,1.76643,1.9139133333333334,0.25784254969522263,1.76367,2.21164,1.9139133333333334,3,3,0,0,0
nqueens,90,sbc,chuffed,minizinc,SAT,1.398,1.393,0.016093476939431032,1.375,1.406,1.393,3,3,0,0,0
nqueens,90,sbc,z3,smt,TIMEOUT,,,,,,240,3,0,0,3,0
nqueens,90,sbc,cvc5,smt,TIMEOUT,,,,,,240,3,0,0,3,0
nqueens,100,base,gecode,minizinc,SAT,0.00417951,0.00419876,7.934609316154126e-05,0.00413081,0.00428596,0.00419876,3,3,0,0,0
nqueens,100,base,chuffed,minizinc,SAT,3.726,3.6233333333333335,0.3186555088702114,3.266,3.878,3.6233333333333335,3,3,0,0,0
nqueens,100,base,z3,smt,TIMEOUT,,,,,,240,3,0,0,3,0
nqueens,100,base,cvc5,smt,TIMEOUT,,,,,,240,3,0,0,3,0
nqueens,100,sbc,gecode,minizinc,SAT,0.00382727,0.0038580966666666664,6.695276344807077e-05,0.00381211,0.00393491,0.0038580966666666664,3,3,0,0,0
nqueens,100,sbc,chuffed,minizinc,SAT,1.304,1.3013333333333332,0.10602515424809968,1.194,1.406,1.3013333333333332,3,3,0,0,0
nqueens,100,sbc,z3,smt,TIMEOUT,,,,,,240,3,0,0,3,0
nqueens,100,sbc,cvc5,smt,TIMEOUT,,,,,,240,3,0,0,3,0
nqueens,110,base,gecode,minizinc,TIMEOUT,,,,,,240,3,0,0,3,0
nqueens,110,base,chuffed,minizinc,SAT,7.143,7.0793333333333335,0.24771421705936308,6.806,7.289,7.0793333333333335,3,3,0,0,0
nqueens,110,base,z3,smt,TIMEOUT,,,,,,240,3,0,0,3,0
nqueens,110,base,cvc5,smt,TIMEOUT,,,,,,240,3,0,0,3,0
nqueens,110,sbc,gecode,minizinc,SAT,5.54631,5.78274,0.5055546992166131,5.43872,6.36319,5.78274,3,3,0,0,0
nqueens,110,sbc,chuffed,minizinc,SAT,6.308,6.642333333333333,0.7755735512079647,6.09,7.529,6.642333333333333,3,3,0,0,0
nqueens,110,sbc,z3,smt,TIMEOUT,,,,,,240,3,0,0,3,0
nqueens,110,sbc,cvc5,smt,TIMEOUT,,,,,,240,3,0,0,3,0
nqueens,120,base,gecode,minizinc,SAT,97.5424,97.97253333333333,3.7847760796820347,94.4212,101.954,97.97253333333333,3,3,0,0,0
nqueens,120,base,chuffed,minizinc,SAT,1.622,1.526,0.17765415840897172,1.321,1.635,1.526,3,3,0,0,0
nqueens,120,base,z3,smt,TIMEOUT,,,,,,240,3,0,0,3,0
nqueens,120,base,cvc5,smt,TIMEOUT,,,,,,240,3,0,0,3,0
nqueens,120,sbc,gecode,minizinc,SAT,0.555511,0.5755486666666667,0.061103405963443116,0.52698,0.644155,0.5755486666666667,3,3,0,0,0
nqueens,120,sbc,chuffed,minizinc,SAT,0.65,0.663,0.026057628441590725,0.646,0.693,0.663,3,3,0,0,0
nqueens,120,sbc,z3,smt,TIMEOUT,,,,,,240,3,0,0,3,0
nqueens,120,sbc,cvc5,smt,TIMEOUT,,,,,,240,3,0,0,3,0
nqueens,130,base,gecode,minizinc,TIMEOUT,,,,,,240,3,0,0,3,0
nqueens,130,base,chuffed,minizinc,SAT,32.876,31.868666666666666,5.140563814732127,26.299,36.431,31.868666666666666,3,3,0,0,0
nqueens,130,base,z3,smt,TIMEOUT,,,,,,240,3,0,0,3,0
nqueens,130,base,cvc5,smt,TIMEOUT,,,,,,240,3,0,0,3,0
nqueens,130,sbc,gecode,minizinc,TIMEOUT,,,,,,240,3,0,0,3,0
nqueens,130,sbc,chuffed,minizinc,SAT,21.191,20.794,3.3193537021534767,17.294,23.897,20.794,3,3,0,0,0
nqueens,130,sbc,z3,smt,TIMEOUT,,,,,,240,3,0,0,3,0
nqueens,130,sbc,cvc5,smt,TIMEOUT,,,,,,240,3,0,0,3,0
nqueens,140,base,gecode,minizinc,TIMEOUT,,,,,,240,3,0,0,3,0
nqueens,140,base,chuffed,minizinc,SAT,39.881,40.355666666666664,3.7168020304198777,36.899,44.287,40.355666666666664,3,3,0,0,0
nqueens,140,base,z3,smt,TIMEOUT,,,,,,240,3,0,0,3,0
nqueens,140,base,cvc5,smt,TIMEOUT,,,,,,240,3,0,0,3,0
nqueens,140,sbc,gecode,minizinc,SAT,0.0109421,0.011102133333333333,0.0002878160234131063,0.0109299,0.0114344,0.011102133333333333,3,3,0,0,0
nqueens,140,sbc,chuffed,minizinc,SAT,13.677,13.658333333333333,0.3973289988577889,13.252,14.046,13.658333333333333,3,3,0,0,0
nqueens,140,sbc,z3,smt,TIMEOUT,,,,,,240,3,0,0,3,0
nqueens,140,sbc,cvc5,smt,TIMEOUT,,,,,,240,3,0,0,3,0
nqueens,150,base,gecode,minizinc,SAT,4.89885,4.228336666666667,1.1758989106353208,2.87056,4.9156,4.228336666666667,3,3,0,0,0
nqueens,150,base,chuffed,minizinc,SAT,16.826,16.524,0.7519494663872037,15.668,17.078,16.524,3,3,0,0,0
nqueens,150,base,z3,smt,TIMEOUT,,,,,,240,3,0,0,3,0
nqueens,150,base,cvc5,smt,TIMEOUT,,,,,,240,3,0,0,3,0
nqueens,150,sbc,gecode,minizinc,SAT,0.0132157,0.014488266666666666,0.00452306809625207,0.0107378,0.0195113,0.014488266666666666,3,3,0,0,0
nqueens,150,sbc,chuffed,minizinc,SAT,9.216,9.174,0.5222681303698321,8.632,9.674,9.174,3,3,0,0,0
nqueens,150,sbc,z3,smt,TIMEOUT,,,,,,240,3,0,0,3,0
nqueens,150,sbc,cvc5,smt,TIMEOUT,,,,,,240,3,0,0,3,0
