problem,size,variant,solver,backend,status,run_id,wall_time,solve_time,compilation_time,conflicts,propagations,decisions,nodes,failures,memory_mb
graphcoloring_kcolorable,10,base,gecode,minizinc,SAT,0,0.1626577377319336,9.9147e-05,0.0462719,,27,,3,0,
graphcoloring_kcolorable,10,base,gecode,minizinc,SAT,1,0.16313815116882324,0.000120898,0.0488773,,27,,3,0,
graphcoloring_kcolorable,10,base,gecode,minizinc,SAT,2,0.16437196731567383,0.000122852,0.0452327,,27,,3,0,
graphcoloring_kcolorable,10,base,chuffed,minizinc,SAT,0,0.18073248863220215,0.0,0.0593437,,47,,3,0,
graphcoloring_kcolorable,10,base,chuffed,minizinc,SAT,1,0.1654186248779297,0.0,0.0537088,,47,,3,0,
graphcoloring_kcolorable,10,base,chuffed,minizinc,SAT,2,0.16804289817810059,0.0,0.0561446,,47,,3,0,
graphcoloring_kcolorable,10,base,z3,smt,SAT,0,0.021331071853637695,0.02,,8,41,19,,,17.28
graphcoloring_kcolorable,10,base,z3,smt,SAT,1,0.018505096435546875,0.01,,8,41,19,,,17.28
graphcoloring_kcolorable,10,base,z3,smt,SAT,2,0.018676280975341797,0.01,,8,41,19,,,17.28
graphcoloring_kcolorable,10,base,cvc5,smt,SAT,0,0.008385419845581055,0.003,,,,,,,
graphcoloring_kcolorable,10,base,cvc5,smt,SAT,1,0.01120615005493164,0.005,,,,,,,
graphcoloring_kcolorable,10,base,cvc5,smt,SAT,2,0.01053309440612793,0.005,,,,,,,
graphcoloring_kcolorable,10,sbc,gecode,minizinc,SAT,0,0.15785765647888184,9.3266e-05,0.047162,,21,,2,0,
graphcoloring_kcolorable,10,sbc,gecode,minizinc,SAT,1,0.16303014755249023,0.000101913,0.0477293,,21,,2,0,
graphcoloring_kcolorable,10,sbc,gecode,minizinc,SAT,2,0.16636085510253906,9.9888e-05,0.0497015,,21,,2,0,
graphcoloring_kcolorable,10,sbc,chuffed,minizinc,SAT,0,0.16679000854492188,0.0,0.0533428,,72,,3,1,
graphcoloring_kcolorable,10,sbc,chuffed,minizinc,SAT,1,0.17342710494995117,0.0,0.0524669,,72,,3,1,
graphcoloring_kcolorable,10,sbc,chuffed,minizinc,SAT,2,0.15473318099975586,0.0,0.0516565,,72,,3,1,
graphcoloring_kcolorable,10,sbc,z3,smt,SAT,0,0.016823768615722656,0.01,,7,75,17,,,17.25
graphcoloring_kcolorable,10,sbc,z3,smt,SAT,1,0.013941764831542969,0.01,,7,75,17,,,17.25
graphcoloring_kcolorable,10,sbc,z3,smt,SAT,2,0.01847529411315918,0.01,,7,75,17,,,17.25
graphcoloring_kcolorable,10,sbc,cvc5,smt,SAT,0,0.009366750717163086,0.004,,,,,,,
graphcoloring_kcolorable,10,sbc,cvc5,smt,SAT,1,0.008959293365478516,0.004,,,,,,,
graphcoloring_kcolorable,10,sbc,cvc5,smt,SAT,2,0.009044170379638672,0.004,,,,,,,
graphcoloring_kcolorable,20,base,gecode,minizinc,SAT,0,0.15852570533752441,0.00012708,0.0504769,,111,,3,0,
graphcoloring_kcolorable,20,base,gecode,minizinc,SAT,1,0.16985559463500977,0.000104377,0.0501576,,111,,3,0,
graphcoloring_kcolorable,20,base,gecode,minizinc,SAT,2,0.18408417701721191,9.5099e-05,0.0599919,,111,,3,0,
graphcoloring_kcolorable,20,base,chuffed,minizinc,SAT,0,0.1655290126800537,0.0,0.058843,,169,,3,0,
graphcoloring_kcolorable,20,base,chuffed,minizinc,SAT,1,0.1653285026550293,0.0,0.0527372,,169,,3,0,
graphcoloring_kcolorable,20,base,chuffed,minizinc,SAT,2,0.16739130020141602,0.0,0.0522376,,169,,3,0,
graphcoloring_kcolorable,20,base,z3,smt,SAT,0,0.020474910736083984,0.02,,37,282,194,,,17.34
graphcoloring_kcolorable,20,base,z3,smt,SAT,1,0.02426600456237793,0.02,,37,282,194,,,17.34
graphcoloring_kcolorable,20,base,z3,smt,SAT,2,0.02024364471435547,0.02,,37,282,194,,,17.34
graphcoloring_kcolorable,20,base,cvc5,smt,SAT,0,0.01784515380859375,0.012,,,,,,,
graphcoloring_kcolorable,20,base,cvc5,smt,SAT,1,0.015617609024047852,0.01,,,,,,,
graphcoloring_kcolorable,20,base,cvc5,smt,SAT,2,0.01801586151123047,0.011,,,,,,,
graphcoloring_kcolorable,20,sbc,gecode,minizinc,SAT,0,0.16870474815368652,0.000138081,0.0478322,,101,,2,0,
graphcoloring_kcolorable,20,sbc,gecode,minizinc,SAT,1,0.16097545623779297,0.000144923,0.0477842,,101,,2,0,
graphcoloring_kcolorable,20,sbc,gecode,minizinc,SAT,2,0.16294097900390625,0.000114225,0.0471403,,101,,2,0,
graphcoloring_kcolorable,20,sbc,chuffed,minizinc,SAT,0,0.16486716270446777,0.0,0.0536737,,144,,2,0,
graphcoloring_kcolorable,20,sbc,chuffed,minizinc,SAT,1,0.1613631248474121,0.0,0.0512107,,144,,2,0,
graphcoloring_kcolorable,20,sbc,chuffed,minizinc,SAT,2,0.15658974647521973,0.0,0.0519792,,144,,2,0,
graphcoloring_kcolorable,20,sbc,z3,smt,SAT,0,0.019202709197998047,0.02,,18,216,89,,,17.34
graphcoloring_kcolorable,20,sbc,z3,smt,SAT,1,0.01721811294555664,0.01,,18,216,89,,,17.34
graphcoloring_kcolorable,20,sbc,z3,smt,SAT,2,0.022307395935058594,0.02,,18,216,89,,,17.34
graphcoloring_kcolorable,20,sbc,cvc5,smt,SAT,0,0.017237424850463867,0.012,,,,,,,
graphcoloring_kcolorable,20,sbc,cvc5,smt,SAT,1,0.015224933624267578,0.01,,,,,,,
graphcoloring_kcolorable,20,sbc,cvc5,smt,SAT,2,0.021983861923217773,0.016,,,,,,,
graphcoloring_kcolorable,30,base,gecode,minizinc,SAT,0,0.16646909713745117,0.000152247,0.050177,,238,,3,0,
graphcoloring_kcolorable,30,base,gecode,minizinc,SAT,1,0.1609501838684082,0.000144834,0.051679,,238,,3,0,
graphcoloring_kcolorable,30,base,gecode,minizinc,SAT,2,0.18264293670654297,0.000112282,0.0714165,,238,,3,0,
graphcoloring_kcolorable,30,base,chuffed,minizinc,SAT,0,0.16193246841430664,0.0,0.0575201,,342,,3,0,
graphcoloring_kcolorable,30,base,chuffed,minizinc,SAT,1,0.1741652488708496,0.001,0.0617934,,342,,3,0,
graphcoloring_kcolorable,30,base,chuffed,minizinc,SAT,2,0.17685699462890625,0.0,0.0620088,,342,,3,0,
graphcoloring_kcolorable,30,base,z3,smt,SAT,0,0.027200937271118164,0.02,,58,898,486,,,17.47
graphcoloring_kcolorable,30,base,z3,smt,SAT,1,0.03086400032043457,0.03,,58,898,486,,,17.47
graphcoloring_kcolorable,30,base,z3,smt,SAT,2,0.03303837776184082,0.03,,58,898,486,,,17.47
graphcoloring_kcolorable,30,base,cvc5,smt,SAT,0,0.029965639114379883,0.025,,,,,,,
graphcoloring_kcolorable,30,base,cvc5,smt,SAT,1,0.036870479583740234,0.032,,,,,,,
graphcoloring_kcolorable,30,base,cvc5,smt,SAT,2,0.02927112579345703,0.024,,,,,,,
graphcoloring_kcolorable,30,sbc,gecode,minizinc,SAT,0,0.1648850440979004,0.000119746,0.052464,,221,,2,0,
graphcoloring_kcolorable,30,sbc,gecode,minizinc,SAT,1,0.16568374633789062,0.000128282,0.052309,,221,,2,0,
graphcoloring_kcolorable,30,sbc,gecode,minizinc,SAT,2,0.16006207466125488,0.000136177,0.0449415,,221,,2,0,
graphcoloring_kcolorable,30,sbc,chuffed,minizinc,SAT,0,0.1563258171081543,0.0,0.0514666,,301,,2,0,
graphcoloring_kcolorable,30,sbc,chuffed,minizinc,SAT,1,0.16846513748168945,0.0,0.0488616,,301,,2,0,
graphcoloring_kcolorable,30,sbc,chuffed,minizinc,SAT,2,0.16473722457885742,0.0,0.051976,,301,,2,0,
graphcoloring_kcolorable,30,sbc,z3,smt,SAT,0,0.024868249893188477,0.02,,23,836,130,,,17.44
graphcoloring_kcolorable,30,sbc,z3,smt,SAT,1,0.020905494689941406,0.02,,23,836,130,,,17.44
graphcoloring_kcolorable,30,sbc,z3,smt,SAT,2,0.020645618438720703,0.02,,23,836,130,,,17.44
graphcoloring_kcolorable,30,sbc,cvc5,smt,SAT,0,0.023820877075195312,0.019,,,,,,,
graphcoloring_kcolorable,30,sbc,cvc5,smt,SAT,1,0.020928621292114258,0.017,,,,,,,
graphcoloring_kcolorable,30,sbc,cvc5,smt,SAT,2,0.020096302032470703,0.016,,,,,,,
graphcoloring_kcolorable,40,base,gecode,minizinc,SAT,0,0.17087435722351074,0.000124014,0.0507275,,482,,4,0,
graphcoloring_kcolorable,40,base,gecode,minizinc,SAT,1,0.1681685447692871,0.000127501,0.0501172,,482,,4,0,
graphcoloring_kcolorable,40,base,gecode,minizinc,SAT,2,0.1623518466949463,0.000139744,0.0499474,,482,,4,0,
graphcoloring_kcolorable,40,base,chuffed,minizinc,SAT,0,0.14652085304260254,0.0,0.0521936,,766,,4,0,
graphcoloring_kcolorable,40,base,chuffed,minizinc,SAT,1,0.1707754135131836,0.001,0.0555577,,766,,4,0,
graphcoloring_kcolorable,40,base,chuffed,minizinc,SAT,2,0.16019272804260254,0.0,0.0515405,,766,,4,0,
graphcoloring_kcolorable,40,base,z3,smt,SAT,0,0.05255413055419922,0.05,,99,7562,2163,,,17.75
graphcoloring_kcolorable,40,base,z3,smt,SAT,1,0.04552483558654785,0.04,,99,7562,2163,,,17.75
graphcoloring_kcolorable,40,base,z3,smt,SAT,2,0.050260305404663086,0.05,,99,7562,2163,,,17.75
graphcoloring_kcolorable,40,base,cvc5,smt,SAT,0,0.08127188682556152,0.076,,,,,,,
graphcoloring_kcolorable,40,base,cvc5,smt,SAT,1,0.08111882209777832,0.076,,,,,,,
graphcoloring_kcolorable,40,base,cvc5,smt,SAT,2,0.0867314338684082,0.081,,,,,,,
graphcoloring_kcolorable,40,sbc,gecode,minizinc,SAT,0,0.18107080459594727,0.000139813,0.0636132,,458,,3,0,
graphcoloring_kcolorable,40,sbc,gecode,minizinc,SAT,1,0.17132854461669922,0.000122821,0.0500711,,458,,3,0,
graphcoloring_kcolorable,40,sbc,gecode,minizinc,SAT,2,0.16432881355285645,0.00016935,0.0509509,,458,,3,0,
graphcoloring_kcolorable,40,sbc,chuffed,minizinc,SAT,0,0.1513674259185791,0.0,0.052487,,694,,3,0,
graphcoloring_kcolorable,40,sbc,chuffed,minizinc,SAT,1,0.15004849433898926,0.001,0.0529113,,694,,3,0,
graphcoloring_kcolorable,40,sbc,chuffed,minizinc,SAT,2,0.14983725547790527,0.0,0.0503303,,694,,3,0,
graphcoloring_kcolorable,40,sbc,z3,smt,SAT,0,0.051444053649902344,0.05,,84,2900,1221,,,17.62
graphcoloring_kcolorable,40,sbc,z3,smt,SAT,1,0.045205116271972656,0.04,,84,2900,1221,,,17.62
graphcoloring_kcolorable,40,sbc,z3,smt,SAT,2,0.049574851989746094,0.04,,84,2900,1221,,,17.62
graphcoloring_kcolorable,40,sbc,cvc5,smt,SAT,0,0.07349419593811035,0.068,,,,,,,
graphcoloring_kcolorable,40,sbc,cvc5,smt,SAT,1,0.08833003044128418,0.083,,,,,,,
graphcoloring_kcolorable,40,sbc,cvc5,smt,SAT,2,0.07038307189941406,0.065,,,,,,,
graphcoloring_kcolorable,50,base,gecode,minizinc,SAT,0,0.1811823844909668,0.000199556,0.0534897,,764,,5,0,
graphcoloring_kcolorable,50,base,gecode,minizinc,SAT,1,0.17545485496520996,0.000200137,0.0518084,,764,,5,0,
graphcoloring_kcolorable,50,base,gecode,minizinc,SAT,2,0.1740105152130127,0.000154391,0.0529005,,764,,5,0,
graphcoloring_kcolorable,50,base,chuffed,minizinc,SAT,0,0.16575908660888672,0.001,0.0532572,,16759,,44,34,
graphcoloring_kcolorable,50,base,chuffed,minizinc,SAT,1,0.17250847816467285,0.001,0.06027,,16759,,44,34,
graphcoloring_kcolorable,50,base,chuffed,minizinc,SAT,2,0.16745805740356445,0.002,0.0534392,,16759,,44,34,
graphcoloring_kcolorable,50,base,z3,smt,SAT,0,0.144683837890625,0.14,,371,26634,4604,,,18.16
graphcoloring_kcolorable,50,base,z3,smt,SAT,1,0.1510481834411621,0.15,,371,26634,4604,,,18.16
graphcoloring_kcolorable,50,base,z3,smt,SAT,2,0.14582157135009766,0.14,,371,26634,4604,,,18.16
graphcoloring_kcolorable,50,base,cvc5,smt,SAT,0,0.2812058925628662,0.276,,,,,,,
graphcoloring_kcolorable,50,base,cvc5,smt,SAT,1,0.2831916809082031,0.278,,,,,,,
graphcoloring_kcolorable,50,base,cvc5,smt,SAT,2,0.278933048248291,0.274,,,,,,,
graphcoloring_kcolorable,50,sbc,gecode,minizinc,SAT,0,0.17487382888793945,0.000172927,0.0537713,,734,,4,0,
graphcoloring_kcolorable,50,sbc,gecode,minizinc,SAT,1,0.1741325855255127,0.000166164,0.0532523,,734,,4,0,
graphcoloring_kcolorable,50,sbc,gecode,minizinc,SAT,2,0.16582703590393066,0.000185009,0.0539775,,734,,4,0,
graphcoloring_kcolorable,50,sbc,chuffed,minizinc,SAT,0,0.1598351001739502,0.0,0.053637,,3194,,7,3,
graphcoloring_kcolorable,50,sbc,chuffed,minizinc,SAT,1,0.16217875480651855,0.0,0.0539245,,3194,,7,3,
graphcoloring_kcolorable,50,sbc,chuffed,minizinc,SAT,2,0.15986108779907227,0.0,0.0533675,,3194,,7,3,
graphcoloring_kcolorable,50,sbc,z3,smt,SAT,0,0.14209890365600586,0.14,,332,24206,3616,,,18.11
graphcoloring_kcolorable,50,sbc,z3,smt,SAT,1,0.14653491973876953,0.14,,332,24206,3616,,,18.11
graphcoloring_kcolorable,50,sbc,z3,smt,SAT,2,0.14624547958374023,0.14,,332,24206,3616,,,18.11
graphcoloring_kcolorable,50,sbc,cvc5,smt,SAT,0,0.26718783378601074,0.261,,,,,,,
graphcoloring_kcolorable,50,sbc,cvc5,smt,SAT,1,0.24257612228393555,0.237,,,,,,,
graphcoloring_kcolorable,50,sbc,cvc5,smt,SAT,2,0.27262330055236816,0.267,,,,,,,
graphcoloring_kcolorable,60,base,gecode,minizinc,SAT,0,0.18080687522888184,0.000264369,0.0573168,,1207,,6,0,
graphcoloring_kcolorable,60,base,gecode,minizinc,SAT,1,0.17786502838134766,0.000215296,0.0606306,,1207,,6,0,
graphcoloring_kcolorable,60,base,gecode,minizinc,SAT,2,0.17879962921142578,0.000188646,0.0559212,,1207,,6,0,
graphcoloring_kcolorable,60,base,chuffed,minizinc,SAT,0,0.17446613311767578,0.003,0.0562368,,58998,,101,89,
graphcoloring_kcolorable,60,base,chuffed,minizinc,SAT,1,0.18558907508850098,0.004,0.0630698,,58998,,101,89,
graphcoloring_kcolorable,60,base,chuffed,minizinc,SAT,2,0.17290520668029785,0.004,0.0561805,,58998,,101,89,
graphcoloring_kcolorable,60,base,z3,smt,SAT,0,0.22397661209106445,0.22,,290,48967,9520,,,18.88
graphcoloring_kcolorable,60,base,z3,smt,SAT,1,0.22580671310424805,0.22,,290,48967,9520,,,18.88
graphcoloring_kcolorable,60,base,z3,smt,SAT,2,0.23085546493530273,0.23,,290,48967,9520,,,18.88
graphcoloring_kcolorable,60,base,cvc5,smt,SAT,0,0.44783473014831543,0.441,,,,,,,
graphcoloring_kcolorable,60,base,cvc5,smt,SAT,1,0.4598264694213867,0.453,,,,,,,
graphcoloring_kcolorable,60,base,cvc5,smt,SAT,2,0.43689703941345215,0.43,,,,,,,
graphcoloring_kcolorable,60,sbc,gecode,minizinc,SAT,0,0.18467378616333008,0.000277584,0.0566954,,1169,,5,0,
graphcoloring_kcolorable,60,sbc,gecode,minizinc,SAT,1,0.173994779586792,0.000199096,0.055898,,1169,,5,0,
graphcoloring_kcolorable,60,sbc,gecode,minizinc,SAT,2,0.17955446243286133,0.000196881,0.0544779,,1169,,5,0,
graphcoloring_kcolorable,60,sbc,chuffed,minizinc,SAT,0,0.17232537269592285,0.001,0.0560992,,5598,,8,3,
graphcoloring_kcolorable,60,sbc,chuffed,minizinc,SAT,1,0.16986846923828125,0.001,0.0550126,,5598,,8,3,
graphcoloring_kcolorable,60,sbc,chuffed,minizinc,SAT,2,0.16592192649841309,0.0,0.0558169,,5598,,8,3,
graphcoloring_kcolorable,60,sbc,z3,smt,SAT,0,0.2503178119659424,0.24,,317,65950,7088,,,19.05
graphcoloring_kcolorable,60,sbc,z3,smt,SAT,1,0.24089598655700684,0.24,,317,65950,7088,,,19.05
graphcoloring_kcolorable,60,sbc,z3,smt,SAT,2,0.25230979919433594,0.25,,317,65950,7088,,,19.05
graphcoloring_kcolorable,60,sbc,cvc5,smt,SAT,0,0.37911057472229004,0.372,,,,,,,
graphcoloring_kcolorable,60,sbc,cvc5,smt,SAT,1,0.38666772842407227,0.38,,,,,,,
graphcoloring_kcolorable,60,sbc,cvc5,smt,SAT,2,0.39328813552856445,0.388,,,,,,,
graphcoloring_kcolorable,70,base,gecode,minizinc,SAT,0,0.1822826862335205,0.000235294,0.0580205,,1672,,7,0,
graphcoloring_kcolorable,70,base,gecode,minizinc,SAT,1,0.1838839054107666,0.000233621,0.0625764,,1672,,7,0,
graphcoloring_kcolorable,70,base,gecode,minizinc,SAT,2,0.19213008880615234,0.000228771,0.0593394,,1672,,7,0,
graphcoloring_kcolorable,70,base,chuffed,minizinc,SAT,0,0.401836633682251,0.221,0.0696069,,3469941,,5870,5220,
graphcoloring_kcolorable,70,base,chuffed,minizinc,SAT,1,0.4076411724090576,0.217,0.0739469,,3469941,,5870,5220,
graphcoloring_kcolorable,70,base,chuffed,minizinc,SAT,2,0.45519018173217773,0.259,0.0742395,,3469941,,5870,5220,
graphcoloring_kcolorable,70,base,z3,smt,SAT,0,1.699049472808838,1.69,,2232,198691,23585,,,21.36
graphcoloring_kcolorable,70,base,z3,smt,SAT,1,1.7009949684143066,1.69,,2232,198691,23585,,,21.36
graphcoloring_kcolorable,70,base,z3,smt,SAT,2,1.7116916179656982,1.7,,2232,198691,23585,,,21.36
graphcoloring_kcolorable,70,base,cvc5,smt,SAT,0,1.3821065425872803,1.375,,,,,,,
graphcoloring_kcolorable,70,base,cvc5,smt,SAT,1,1.3279616832733154,1.321,,,,,,,
graphcoloring_kcolorable,70,base,cvc5,smt,SAT,2,1.3307275772094727,1.324,,,,,,,
graphcoloring_kcolorable,70,sbc,gecode,minizinc,SAT,0,0.19508671760559082,0.000240264,0.0576621,,1626,,6,0,
graphcoloring_kcolorable,70,sbc,gecode,minizinc,SAT,1,0.19805121421813965,0.000236827,0.0677455,,1626,,6,0,
graphcoloring_kcolorable,70,sbc,gecode,minizinc,SAT,2,0.18064594268798828,0.000231056,0.0583173,,1626,,6,0,
graphcoloring_kcolorable,70,sbc,chuffed,minizinc,SAT,0,0.25261807441711426,0.064,0.0741633,,1451761,,2234,1886,
graphcoloring_kcolorable,70,sbc,chuffed,minizinc,SAT,1,0.2633638381958008,0.069,0.07033,,1451761,,2234,1886,
graphcoloring_kcolorable,70,sbc,chuffed,minizinc,SAT,2,0.2512471675872803,0.065,0.0701491,,1451761,,2234,1886,
graphcoloring_kcolorable,70,sbc,z3,smt,SAT,0,1.6818809509277344,1.67,,2115,195896,22823,,,21.4
graphcoloring_kcolorable,70,sbc,z3,smt,SAT,1,1.6806535720825195,1.67,,2115,195896,22823,,,21.4
graphcoloring_kcolorable,70,sbc,z3,smt,SAT,2,1.6550161838531494,1.65,,2115,195896,22823,,,21.4
graphcoloring_kcolorable,70,sbc,cvc5,smt,SAT,0,3.9473180770874023,3.939,,,,,,,
graphcoloring_kcolorable,70,sbc,cvc5,smt,SAT,1,3.665419101715088,3.657,,,,,,,
graphcoloring_kcolorable,70,sbc,cvc5,smt,SAT,2,3.4918417930603027,3.484,,,,,,,
graphcoloring_kcolorable,80,base,gecode,minizinc,SAT,0,0.18485689163208008,0.000267315,0.0631693,,2256,,8,0,
graphcoloring_kcolorable,80,base,gecode,minizinc,SAT,1,0.20010042190551758,0.000376491,0.0632326,,2256,,8,0,
graphcoloring_kcolorable,80,base,gecode,minizinc,SAT,2,0.19629120826721191,0.000429441,0.0629046,,2256,,8,0,
graphcoloring_kcolorable,80,base,chuffed,minizinc,SAT,0,0.7881805896759033,0.612,0.0607842,,10594989,,12869,11551,
graphcoloring_kcolorable,80,base,chuffed,minizinc,SAT,1,0.7932834625244141,0.61,0.0597924,,10594989,,12869,11551,
graphcoloring_kcolorable,80,base,chuffed,minizinc,SAT,2,0.7999773025512695,0.621,0.0586895,,10594989,,12869,11551,
graphcoloring_kcolorable,80,base,z3,smt,SAT,0,18.104801177978516,18.09,,17939,1840185,172639,,,28.58
graphcoloring_kcolorable,80,base,z3,smt,SAT,1,18.580199003219604,18.56,,17850,1794199,169202,,,28.58
graphcoloring_kcolorable,80,base,z3,smt,SAT,2,17.996978998184204,17.98,,17403,1682895,160870,,,28.54
graphcoloring_kcolorable,80,base,cvc5,smt,SAT,0,1.8843934535980225,1.877,,,,,,,
graphcoloring_kcolorable,80,base,cvc5,smt,SAT,1,1.9095847606658936,1.902,,,,,,,
graphcoloring_kcolorable,80,base,cvc5,smt,SAT,2,1.9503114223480225,1.943,,,,,,,
graphcoloring_kcolorable,80,sbc,gecode,minizinc,SAT,0,0.19875192642211914,0.000363136,0.0640121,,2198,,7,0,
graphcoloring_kcolorable,80,sbc,gecode,minizinc,SAT,1,0.17367100715637207,0.000262065,0.0656622,,2198,,7,0,
graphcoloring_kcolorable,80,sbc,gecode,minizinc,SAT,2,0.18227362632751465,0.000257756,0.0640497,,2198,,7,0,
graphcoloring_kcolorable,80,sbc,chuffed,minizinc,SAT,0,0.3546910285949707,0.174,0.0600751,,3986438,,4365,3839,
graphcoloring_kcolorable,80,sbc,chuffed,minizinc,SAT,1,0.3557436466217041,0.181,0.0607607,,3986438,,4365,3839,
graphcoloring_kcolorable,80,sbc,chuffed,minizinc,SAT,2,0.3604581356048584,0.177,0.0588057,,3986438,,4365,3839,
graphcoloring_kcolorable,80,sbc,z3,smt,SAT,0,3.7500343322753906,3.74,,4083,366279,35339,,,24.12
graphcoloring_kcolorable,80,sbc,z3,smt,SAT,1,3.9046311378479004,3.89,,4083,366279,35339,,,24.12
graphcoloring_kcolorable,80,sbc,z3,smt,SAT,2,3.9937477111816406,3.98,,4083,366279,35339,,,24.12
graphcoloring_kcolorable,80,sbc,cvc5,smt,SAT,0,2.2270922660827637,2.219,,,,,,,
graphcoloring_kcolorable,80,sbc,cvc5,smt,SAT,1,2.2266507148742676,2.219,,,,,,,
graphcoloring_kcolorable,80,sbc,cvc5,smt,SAT,2,2.3957746028900146,2.386,,,,,,,
graphcoloring_kcolorable,90,base,gecode,minizinc,SAT,0,0.1893453598022461,0.000463915,0.0628169,,2901,,9,0,
graphcoloring_kcolorable,90,base,gecode,minizinc,SAT,1,0.2020261287689209,0.000330434,0.0632367,,2901,,9,0,
graphcoloring_kcolorable,90,base,gecode,minizinc,SAT,2,0.20188260078430176,0.000450791,0.0668607,,2901,,9,0,
graphcoloring_kcolorable,90,base,chuffed,minizinc,SAT,0,0.5046648979187012,0.31,0.0630426,,7184953,,8643,6938,
graphcoloring_kcolorable,90,base,chuffed,minizinc,SAT,1,0.4973323345184326,0.304,0.0643844,,7184953,,8643,6938,
graphcoloring_kcolorable,90,base,chuffed,minizinc,SAT,2,0.48864102363586426,0.304,0.066291,,7184953,,8643,6938,
graphcoloring_kcolorable,90,base,z3,smt,SAT,0,23.717915296554565,23.7,,16716,1821887,172822,,,31.38
graphcoloring_kcolorable,90,base,z3,smt,SAT,1,21.854487419128418,21.84,,17383,1878823,177750,,,31.38
graphcoloring_kcolorable,90,base,z3,smt,SAT,2,22.849595069885254,22.84,,17142,1869355,176718,,,31.38
graphcoloring_kcolorable,90,base,cvc5,smt,SAT,0,9.366634845733643,9.357,,,,,,,
graphcoloring_kcolorable,90,base,cvc5,smt,SAT,1,9.582915544509888,9.573,,,,,,,
graphcoloring_kcolorable,90,base,cvc5,smt,SAT,2,7.543635368347168,7.534,,,,,,,
graphcoloring_kcolorable,90,sbc,gecode,minizinc,SAT,0,0.19233131408691406,0.000316617,0.0640786,,2843,,8,0,
graphcoloring_kcolorable,90,sbc,gecode,minizinc,SAT,1,0.1917099952697754,0.000447574,0.0594143,,2843,,8,0,
graphcoloring_kcolorable,90,sbc,gecode,minizinc,SAT,2,0.18361210823059082,0.000312811,0.0595853,,2843,,8,0,
graphcoloring_kcolorable,90,sbc,chuffed,minizinc,SAT,0,1.2124073505401611,1.021,0.0619018,,19907633,,17456,15526,
graphcoloring_kcolorable,90,sbc,chuffed,minizinc,SAT,1,1.1961240768432617,1.001,0.063451,,19907633,,17456,15526,
graphcoloring_kcolorable,90,sbc,chuffed,minizinc,SAT,2,1.2165884971618652,1.021,0.0664075,,19907633,,17456,15526,
graphcoloring_kcolorable,90,sbc,z3,smt,SAT,0,14.063033819198608,14.05,,10218,1488669,109128,,,28.43
graphcoloring_kcolorable,90,sbc,z3,smt,SAT,1,14.365348815917969,14.35,,10414,1439900,107767,,,28.43
graphcoloring_kcolorable,90,sbc,z3,smt,SAT,2,14.321789741516113,14.31,,9715,1436951,106359,,,28.41
graphcoloring_kcolorable,90,sbc,cvc5,smt,SAT,0,5.391880035400391,5.384,,,,,,,
graphcoloring_kcolorable,90,sbc,cvc5,smt,SAT,1,4.51003885269165,4.502,,,,,,,
graphcoloring_kcolorable,90,sbc,cvc5,smt,SAT,2,3.813695192337036,3.805,,,,,,,
graphcoloring_kcolorable,100,base,gecode,minizinc,SAT,0,0.21486449241638184,0.000559325,0.0638195,,3562,,13,0,
graphcoloring_kcolorable,100,base,gecode,minizinc,SAT,1,0.2005159854888916,0.000575255,0.0632161,,3562,,13,0,
graphcoloring_kcolorable,100,base,gecode,minizinc,SAT,2,0.20006489753723145,0.00060382,0.0668216,,3562,,13,0,
graphcoloring_kcolorable,100,base,chuffed,minizinc,SAT,0,2.4148926734924316,2.203,0.0763267,,31902151,,26450,24118,
graphcoloring_kcolorable,100,base,chuffed,minizinc,SAT,1,2.5526442527770996,2.329,0.0661334,,31902151,,26450,24118,
graphcoloring_kcolorable,100,base,chuffed,minizinc,SAT,2,2.5756731033325195,2.376,0.070706,,31902151,,26450,24118,
graphcoloring_kcolorable,100,base,z3,smt,TIMEOUT,0,,,,,,,,,
graphcoloring_kcolorable,100,base,z3,smt,TIMEOUT,1,,,,,,,,,
graphcoloring_kcolorable,100,base,z3,smt,TIMEOUT,2,,,,,,,,,
graphcoloring_kcolorable,100,base,cvc5,smt,SAT,0,42.539252042770386,42.524,,,,,,,
graphcoloring_kcolorable,100,base,cvc5,smt,SAT,1,41.486586809158325,41.471,,,,,,,
graphcoloring_kcolorable,100,base,cvc5,smt,SAT,2,43.44615888595581,43.431,,,,,,,
graphcoloring_kcolorable,100,sbc,gecode,minizinc,SAT,0,0.24882268905639648,0.000830126,0.098454,,3496,,14,0,
graphcoloring_kcolorable,100,sbc,gecode,minizinc,SAT,1,0.2633371353149414,0.000751839,0.0973209,,3496,,14,0,
graphcoloring_kcolorable,100,sbc,gecode,minizinc,SAT,2,0.21764230728149414,0.000642633,0.068002,,3496,,14,0,
graphcoloring_kcolorable,100,sbc,chuffed,minizinc,SAT,0,0.8669602870941162,0.678,0.0640061,,11779417,,6416,6155,
graphcoloring_kcolorable,100,sbc,chuffed,minizinc,SAT,1,0.8660848140716553,0.662,0.0706116,,11779417,,6416,6155,
graphcoloring_kcolorable,100,sbc,chuffed,minizinc,SAT,2,0.9396712779998779,0.733,0.0765351,,11779417,,6416,6155,
graphcoloring_kcolorable,100,sbc,z3,smt,SAT,0,77.30131006240845,77.27,,41522,5276678,391845,,,70.1
graphcoloring_kcolorable,100,sbc,z3,smt,SAT,1,83.91627430915833,83.81,,42430,5387831,399719,,,70.1
graphcoloring_kcolorable,100,sbc,z3,smt,SAT,2,89.43531441688538,89.33,,38618,5067904,372772,,,70.1
graphcoloring_kcolorable,100,sbc,cvc5,smt,SAT,0,51.74870324134827,51.733,,,,,,,
graphcoloring_kcolorable,100,sbc,cvc5,smt,SAT,1,52.81211733818054,52.794,,,,,,,
graphcoloring_kcolorable,100,sbc,cvc5,smt,SAT,2,51.180060386657715,51.164,,,,,,,
latin_square,10,base,gecode,minizinc,SAT,0,0.19536662101745605,0.00041979,0.0654251,,648,,64,0,
latin_square,10,base,gecode,minizinc,SAT,1,0.17673110961914062,0.000384934,0.0588419,,648,,64,0,
latin_square,10,base,gecode,minizinc,SAT,2,0.1736743450164795,0.000424158,0.0585285,,648,,64,0,
latin_square,10,base,chuffed,minizinc,SAT,0,0.16232919692993164,0.0,0.0549352,,603,,59,0,
latin_square,10,base,chuffed,minizinc,SAT,1,0.17405009269714355,0.001,0.0575858,,603,,59,0,
latin_square,10,base,chuffed,minizinc,SAT,2,0.19671106338500977,0.001,0.0759286,,603,,59,0,
latin_square,10,base,z3,smt,TIMEOUT,0,,,,,,,,,
latin_square,10,base,z3,smt,TIMEOUT,1,,,,,,,,,
latin_square,10,base,z3,smt,TIMEOUT,2,,,,,,,,,
latin_square,10,base,cvc5,smt,SAT,0,2.8711421489715576,2.865,,,,,,,
latin_square,10,base,cvc5,smt,SAT,1,2.94765567779541,2.941,,,,,,,
latin_square,10,base,cvc5,smt,SAT,2,2.8678276538848877,2.86,,,,,,,
latin_square,10,sbc,gecode,minizinc,SAT,0,0.23452019691467285,0.000589889,0.10745,,1114,,143,45,
latin_square,10,sbc,gecode,minizinc,SAT,1,0.21399664878845215,0.000560413,0.104103,,1114,,143,45,
latin_square,10,sbc,gecode,minizinc,SAT,2,0.241959810256958,0.000533412,0.122018,,1114,,143,45,
latin_square,10,sbc,chuffed,minizinc,SAT,0,0.22334003448486328,0.001,0.108094,,651,,48,1,
latin_square,10,sbc,chuffed,minizinc,SAT,1,0.24594330787658691,0.001,0.124249,,651,,48,1,
latin_square,10,sbc,chuffed,minizinc,SAT,2,0.23776602745056152,0.001,0.122282,,651,,48,1,
latin_square,10,sbc,z3,smt,TIMEOUT,0,,,,,,,,,
latin_square,10,sbc,z3,smt,TIMEOUT,1,,,,,,,,,
latin_square,10,sbc,z3,smt,TIMEOUT,2,,,,,,,,,
latin_square,10,sbc,cvc5,smt,SAT,0,2.284843921661377,2.278,,,,,,,
latin_square,10,sbc,cvc5,smt,SAT,1,2.23382568359375,2.227,,,,,,,
latin_square,10,sbc,cvc5,smt,SAT,2,2.4394726753234863,2.433,,,,,,,
latin_square,15,base,gecode,minizinc,SAT,0,0.18796586990356445,0.00118331,0.0647184,,1802,,158,1,
latin_square,15,base,gecode,minizinc,SAT,1,0.20519781112670898,0.00173449,0.0812295,,1802,,158,1,
latin_square,15,base,gecode,minizinc,SAT,2,0.19845032691955566,0.00125851,0.0660801,,1802,,158,1,
latin_square,15,base,chuffed,minizinc,SAT,0,0.18297839164733887,0.001,0.0617769,,1641,,154,0,
latin_square,15,base,chuffed,minizinc,SAT,1,0.1801164150238037,0.001,0.0621951,,1641,,154,0,
latin_square,15,base,chuffed,minizinc,SAT,2,0.1805117130279541,0.002,0.0661465,,1641,,154,0,
latin_square,15,base,z3,smt,TIMEOUT,0,,,,,,,,,
latin_square,15,base,z3,smt,TIMEOUT,1,,,,,,,,,
latin_square,15,base,z3,smt,TIMEOUT,2,,,,,,,,,
latin_square,15,base,cvc5,smt,TIMEOUT,0,,,,,,,,,
latin_square,15,base,cvc5,smt,TIMEOUT,1,,,,,,,,,
latin_square,15,base,cvc5,smt,TIMEOUT,2,,,,,,,,,
latin_square,15,sbc,gecode,minizinc,SAT,0,0.2782270908355713,0.00198197,0.132411,,3469,,375,113,
latin_square,15,sbc,gecode,minizinc,SAT,1,0.21753954887390137,0.00281445,0.104658,,3469,,375,113,
latin_square,15,sbc,gecode,minizinc,SAT,2,0.21743249893188477,0.00281318,0.0999496,,3469,,375,113,
latin_square,15,sbc,chuffed,minizinc,SAT,0,0.22004413604736328,0.001,0.107518,,1725,,126,1,
latin_square,15,sbc,chuffed,minizinc,SAT,1,0.2411963939666748,0.001,0.110916,,1725,,126,1,
latin_square,15,sbc,chuffed,minizinc,SAT,2,0.24750423431396484,0.001,0.118626,,1725,,126,1,
latin_square,15,sbc,z3,smt,TIMEOUT,0,,,,,,,,,
latin_square,15,sbc,z3,smt,TIMEOUT,1,,,,,,,,,
latin_square,15,sbc,z3,smt,TIMEOUT,2,,,,,,,,,
latin_square,15,sbc,cvc5,smt,TIMEOUT,0,,,,,,,,,
latin_square,15,sbc,cvc5,smt,TIMEOUT,1,,,,,,,,,
latin_square,15,sbc,cvc5,smt,TIMEOUT,2,,,,,,,,,
latin_square,20,base,gecode,minizinc,SAT,0,0.17766237258911133,0.00354532,0.056948,,3909,,313,3,
latin_square,20,base,gecode,minizinc,SAT,1,0.19278979301452637,0.00329221,0.0588745,,3909,,313,3,
latin_square,20,base,gecode,minizinc,SAT,2,0.16771245002746582,0.00397449,0.059942,,3909,,313,3,
latin_square,20,base,chuffed,minizinc,SAT,0,0.19044804573059082,0.004,0.0614441,,3228,,275,0,
latin_square,20,base,chuffed,minizinc,SAT,1,0.1997084617614746,0.003,0.0605233,,3228,,275,0,
latin_square,20,base,chuffed,minizinc,SAT,2,0.18536019325256348,0.003,0.0608991,,3228,,275,0,
latin_square,20,base,z3,smt,TIMEOUT,0,,,,,,,,,
latin_square,20,base,z3,smt,TIMEOUT,1,,,,,,,,,
latin_square,20,base,z3,smt,TIMEOUT,2,,,,,,,,,
latin_square,20,base,cvc5,smt,TIMEOUT,0,,,,,,,,,
latin_square,20,base,cvc5,smt,TIMEOUT,1,,,,,,,,,
latin_square,20,base,cvc5,smt,TIMEOUT,2,,,,,,,,,
latin_square,20,sbc,gecode,minizinc,SAT,0,0.2576460838317871,0.00603579,0.124914,,7552,,711,214,
latin_square,20,sbc,gecode,minizinc,SAT,1,0.2507286071777344,0.00671729,0.11699,,7552,,711,214,
latin_square,20,sbc,gecode,minizinc,SAT,2,0.2506740093231201,0.00566018,0.114589,,7552,,711,214,
latin_square,20,sbc,chuffed,minizinc,SAT,0,0.25606322288513184,0.003,0.127792,,3530,,241,1,
latin_square,20,sbc,chuffed,minizinc,SAT,1,0.24016046524047852,0.004,0.113538,,3530,,241,1,
latin_square,20,sbc,chuffed,minizinc,SAT,2,0.2459113597869873,0.003,0.113322,,3530,,241,1,
latin_square,20,sbc,z3,smt,TIMEOUT,0,,,,,,,,,
latin_square,20,sbc,z3,smt,TIMEOUT,1,,,,,,,,,
latin_square,20,sbc,z3,smt,TIMEOUT,2,,,,,,,,,
latin_square,20,sbc,cvc5,smt,TIMEOUT,0,,,,,,,,,
latin_square,20,sbc,cvc5,smt,TIMEOUT,1,,,,,,,,,
latin_square,20,sbc,cvc5,smt,TIMEOUT,2,,,,,,,,,
latin_square,25,base,gecode,minizinc,SAT,0,0.20155835151672363,0.00890907,0.0554506,,6838,,498,3,
latin_square,25,base,gecode,minizinc,SAT,1,0.1941511631011963,0.00791398,0.0570958,,6838,,498,3,
latin_square,25,base,gecode,minizinc,SAT,2,0.1743636131286621,0.00801735,0.0572406,,6838,,498,3,
latin_square,25,base,chuffed,minizinc,SAT,0,0.202772855758667,0.005,0.0663247,,5647,,454,1,
latin_square,25,base,chuffed,minizinc,SAT,1,0.20082831382751465,0.005,0.0642806,,5647,,454,1,
latin_square,25,base,chuffed,minizinc,SAT,2,0.187424898147583,0.005,0.0649408,,5647,,454,1,
latin_square,25,base,z3,smt,TIMEOUT,0,,,,,,,,,
latin_square,25,base,z3,smt,TIMEOUT,1,,,,,,,,,
latin_square,25,base,z3,smt,TIMEOUT,2,,,,,,,,,
latin_square,25,base,cvc5,smt,TIMEOUT,0,,,,,,,,,
latin_square,25,base,cvc5,smt,TIMEOUT,1,,,,,,,,,
latin_square,25,base,cvc5,smt,TIMEOUT,2,,,,,,,,,
latin_square,25,sbc,gecode,minizinc,SAT,0,0.403592586517334,0.0155077,0.143498,,14898,,1248,388,
latin_square,25,sbc,gecode,minizinc,SAT,1,0.25056004524230957,0.0130626,0.112204,,14898,,1248,388,
latin_square,25,sbc,gecode,minizinc,SAT,2,0.24107003211975098,0.0136313,0.111062,,14898,,1248,388,
latin_square,25,sbc,chuffed,minizinc,SAT,0,0.2587747573852539,0.005,0.117836,,6161,,406,1,
latin_square,25,sbc,chuffed,minizinc,SAT,1,0.2526993751525879,0.005,0.116132,,6161,,406,1,
latin_square,25,sbc,chuffed,minizinc,SAT,2,0.2513854503631592,0.005,0.110595,,6161,,406,1,
latin_square,25,sbc,z3,smt,TIMEOUT,0,,,,,,,,,
latin_square,25,sbc,z3,smt,TIMEOUT,1,,,,,,,,,
latin_square,25,sbc,z3,smt,TIMEOUT,2,,,,,,,,,
latin_square,25,sbc,cvc5,smt,TIMEOUT,0,,,,,,,,,
latin_square,25,sbc,cvc5,smt,TIMEOUT,1,,,,,,,,,
latin_square,25,sbc,cvc5,smt,TIMEOUT,2,,,,,,,,,
latin_square,30,base,gecode,minizinc,SAT,0,0.19927263259887695,0.0167448,0.061807,,11184,,763,14,
latin_square,30,base,gecode,minizinc,SAT,1,0.20058369636535645,0.0154739,0.0620486,,11184,,763,14,
latin_square,30,base,gecode,minizinc,SAT,2,0.2207963466644287,0.0171802,0.0662933,,11184,,763,14,
latin_square,30,base,chuffed,minizinc,SAT,0,0.20349717140197754,0.009,0.0561138,,8850,,685,0,
latin_square,30,base,chuffed,minizinc,SAT,1,0.19878244400024414,0.009,0.0553144,,8850,,685,0,
latin_square,30,base,chuffed,minizinc,SAT,2,0.20699858665466309,0.009,0.0613988,,8850,,685,0,
latin_square,30,base,z3,smt,TIMEOUT,0,,,,,,,,,
latin_square,30,base,z3,smt,TIMEOUT,1,,,,,,,,,
latin_square,30,base,z3,smt,TIMEOUT,2,,,,,,,,,
latin_square,30,base,cvc5,smt,TIMEOUT,0,,,,,,,,,
latin_square,30,base,cvc5,smt,TIMEOUT,1,,,,,,,,,
latin_square,30,base,cvc5,smt,TIMEOUT,2,,,,,,,,,
latin_square,30,sbc,gecode,minizinc,SAT,0,0.5216729640960693,0.280034,0.117314,,271385,,28691,13992,
latin_square,30,sbc,gecode,minizinc,SAT,1,0.5356297492980957,0.285867,0.124459,,271385,,28691,13992,
latin_square,30,sbc,gecode,minizinc,SAT,2,0.5211412906646729,0.264802,0.120167,,271385,,28691,13992,
latin_square,30,sbc,chuffed,minizinc,SAT,0,0.27974605560302734,0.01,0.12383,,9693,,600,3,
latin_square,30,sbc,chuffed,minizinc,SAT,1,0.2779853343963623,0.012,0.119435,,9693,,600,3,
latin_square,30,sbc,chuffed,minizinc,SAT,2,0.28289079666137695,0.01,0.116157,,9693,,600,3,
latin_square,30,sbc,z3,smt,TIMEOUT,0,,,,,,,,,
latin_square,30,sbc,z3,smt,TIMEOUT,1,,,,,,,,,
latin_square,30,sbc,z3,smt,TIMEOUT,2,,,,,,,,,
latin_square,30,sbc,cvc5,smt,TIMEOUT,0,,,,,,,,,
latin_square,30,sbc,cvc5,smt,TIMEOUT,1,,,,,,,,,
latin_square,30,sbc,cvc5,smt,TIMEOUT,2,,,,,,,,,
latin_square,35,base,gecode,minizinc,SAT,0,3.11106538772583,2.92003,0.0682652,,1866730,,242439,120706,
latin_square,35,base,gecode,minizinc,SAT,1,2.9383225440979004,2.74903,0.0682511,,1866730,,242439,120706,
latin_square,35,base,gecode,minizinc,SAT,2,3.074336528778076,2.87131,0.0663492,,1866730,,242439,120706,
latin_square,35,base,chuffed,minizinc,SAT,0,0.26429080963134766,0.02,0.0743852,,12843,,922,7,
latin_square,35,base,chuffed,minizinc,SAT,1,0.26668787002563477,0.019,0.0721407,,12843,,922,7,
latin_square,35,base,chuffed,minizinc,SAT,2,0.23912644386291504,0.017,0.0683992,,12843,,922,7,
latin_square,35,base,z3,smt,TIMEOUT,0,,,,,,,,,
latin_square,35,base,z3,smt,TIMEOUT,1,,,,,,,,,
latin_square,35,base,z3,smt,TIMEOUT,2,,,,,,,,,
latin_square,35,base,cvc5,smt,TIMEOUT,0,,,,,,,,,
latin_square,35,base,cvc5,smt,TIMEOUT,1,,,,,,,,,
latin_square,35,base,cvc5,smt,TIMEOUT,2,,,,,,,,,
latin_square,35,sbc,gecode,minizinc,SAT,0,0.33095860481262207,0.0514978,0.156523,,37227,,2735,871,
latin_square,35,sbc,gecode,minizinc,SAT,1,0.3209645748138428,0.0508298,0.134075,,37227,,2735,871,
latin_square,35,sbc,gecode,minizinc,SAT,2,0.2937602996826172,0.0508658,0.116331,,37227,,2735,871,
latin_square,35,sbc,chuffed,minizinc,SAT,0,0.30999064445495605,0.018,0.127213,,14289,,842,7,
latin_square,35,sbc,chuffed,minizinc,SAT,1,0.293046236038208,0.017,0.1154,,14289,,842,7,
latin_square,35,sbc,chuffed,minizinc,SAT,2,0.2981545925140381,0.017,0.116209,,14289,,842,7,
latin_square,35,sbc,z3,smt,TIMEOUT,0,,,,,,,,,
latin_square,35,sbc,z3,smt,TIMEOUT,1,,,,,,,,,
latin_square,35,sbc,z3,smt,TIMEOUT,2,,,,,,,,,
latin_square,35,sbc,cvc5,smt,TIMEOUT,0,,,,,,,,,
latin_square,35,sbc,cvc5,smt,TIMEOUT,1,,,,,,,,,
latin_square,35,sbc,cvc5,smt,TIMEOUT,2,,,,,,,,,
latin_square,40,base,gecode,minizinc,SAT,0,26.35245180130005,26.1657,0.0613127,,16273022,,2093614,1046132,
latin_square,40,base,gecode,minizinc,SAT,1,27.328700065612793,27.1368,0.0656237,,16273022,,2093614,1046132,
latin_square,40,base,gecode,minizinc,SAT,2,25.986143350601196,25.7921,0.0672459,,16273022,,2093614,1046132,
latin_square,40,base,chuffed,minizinc,SAT,0,0.2690417766571045,0.022,0.0630931,,17530,,1223,0,
latin_square,40,base,chuffed,minizinc,SAT,1,0.25782060623168945,0.022,0.0606408,,17530,,1223,0,
latin_square,40,base,chuffed,minizinc,SAT,2,0.2639327049255371,0.023,0.0640252,,17530,,1223,0,
latin_square,40,base,z3,smt,TIMEOUT,0,,,,,,,,,
latin_square,40,base,z3,smt,TIMEOUT,1,,,,,,,,,
latin_square,40,base,z3,smt,TIMEOUT,2,,,,,,,,,
latin_square,40,base,cvc5,smt,TIMEOUT,0,,,,,,,,,
latin_square,40,base,cvc5,smt,TIMEOUT,1,,,,,,,,,
latin_square,40,base,cvc5,smt,TIMEOUT,2,,,,,,,,,
latin_square,40,sbc,gecode,minizinc,SAT,0,83.43018555641174,83.1935,0.10682,,57913067,,6672246,3335466,
latin_square,40,sbc,gecode,minizinc,SAT,1,83.7645857334137,83.5321,0.108435,,57913067,,6672246,3335466,
latin_square,40,sbc,gecode,minizinc,SAT,2,87.07264161109924,86.835,0.110335,,57913067,,6672246,3335466,
latin_square,40,sbc,chuffed,minizinc,SAT,0,0.3412971496582031,0.03,0.123465,,20373,,1130,7,
latin_square,40,sbc,chuffed,minizinc,SAT,1,0.3295915126800537,0.029,0.119446,,20373,,1130,7,
latin_square,40,sbc,chuffed,minizinc,SAT,2,0.33204102516174316,0.032,0.116729,,20373,,1130,7,
latin_square,40,sbc,z3,smt,TIMEOUT,0,,,,,,,,,
latin_square,40,sbc,z3,smt,TIMEOUT,1,,,,,,,,,
latin_square,40,sbc,z3,smt,TIMEOUT,2,,,,,,,,,
latin_square,40,sbc,cvc5,smt,TIMEOUT,0,,,,,,,,,
latin_square,40,sbc,cvc5,smt,TIMEOUT,1,,,,,,,,,
latin_square,40,sbc,cvc5,smt,TIMEOUT,2,,,,,,,,,
latin_square,45,base,gecode,minizinc,SAT,0,0.2719764709472656,0.0826939,0.064978,,33475,,1997,124,
latin_square,45,base,gecode,minizinc,SAT,1,0.27950406074523926,0.081101,0.0657834,,33475,,1997,124,
latin_square,45,base,gecode,minizinc,SAT,2,0.2866678237915039,0.0837507,0.0672596,,33475,,1997,124,
latin_square,45,base,chuffed,minizinc,SAT,0,0.30954718589782715,0.037,0.0655098,,23024,,1566,5,
latin_square,45,base,chuffed,minizinc,SAT,1,0.3155801296234131,0.038,0.0657925,,23024,,1566,5,
latin_square,45,base,chuffed,minizinc,SAT,2,0.3091866970062256,0.035,0.0636608,,23024,,1566,5,
latin_square,45,base,z3,smt,TIMEOUT,0,,,,,,,,,
latin_square,45,base,z3,smt,TIMEOUT,1,,,,,,,,,
latin_square,45,base,z3,smt,TIMEOUT,2,,,,,,,,,
latin_square,45,base,cvc5,smt,TIMEOUT,0,,,,,,,,,
latin_square,45,base,cvc5,smt,TIMEOUT,1,,,,,,,,,
latin_square,45,base,cvc5,smt,TIMEOUT,2,,,,,,,,,
latin_square,45,sbc,gecode,minizinc,SAT,0,3.6843338012695312,3.17379,0.160775,,1217680,,176797,87540,
latin_square,45,sbc,gecode,minizinc,SAT,1,3.3762283325195312,3.1068,0.127545,,1217680,,176797,87540,
latin_square,45,sbc,gecode,minizinc,SAT,2,3.466963291168213,3.19871,0.125652,,1217680,,176797,87540,
latin_square,45,sbc,chuffed,minizinc,SAT,0,0.4173591136932373,0.046,0.145916,,27866,,1484,12,
latin_square,45,sbc,chuffed,minizinc,SAT,1,0.38391828536987305,0.049,0.121275,,27866,,1484,12,
latin_square,45,sbc,chuffed,minizinc,SAT,2,0.3814857006072998,0.048,0.124303,,27866,,1484,12,
latin_square,45,sbc,z3,smt,TIMEOUT,0,,,,,,,,,
latin_square,45,sbc,z3,smt,TIMEOUT,1,,,,,,,,,
latin_square,45,sbc,z3,smt,TIMEOUT,2,,,,,,,,,
latin_square,45,sbc,cvc5,smt,TIMEOUT,0,,,,,,,,,
latin_square,45,sbc,cvc5,smt,TIMEOUT,1,,,,,,,,,
latin_square,45,sbc,cvc5,smt,TIMEOUT,2,,,,,,,,,
latin_square,50,base,gecode,minizinc,TIMEOUT,0,,,,,,,,,
latin_square,50,base,gecode,minizinc,TIMEOUT,1,,,,,,,,,
latin_square,50,base,gecode,minizinc,TIMEOUT,2,,,,,,,,,
latin_square,50,base,chuffed,minizinc,SAT,0,0.6115710735321045,0.205,0.100212,,50498,,3718,1490,
latin_square,50,base,chuffed,minizinc,SAT,1,0.5962002277374268,0.201,0.0976488,,50498,,3718,1490,
latin_square,50,base,chuffed,minizinc,SAT,2,0.5679829120635986,0.165,0.0993691,,50498,,3718,1490,
latin_square,50,base,z3,smt,TIMEOUT,0,,,,,,,,,
latin_square,50,base,z3,smt,TIMEOUT,1,,,,,,,,,
latin_square,50,base,z3,smt,TIMEOUT,2,,,,,,,,,
latin_square,50,base,cvc5,smt,TIMEOUT,0,,,,,,,,,
latin_square,50,base,cvc5,smt,TIMEOUT,1,,,,,,,,,
latin_square,50,base,cvc5,smt,TIMEOUT,2,,,,,,,,,
latin_square,50,sbc,gecode,minizinc,SAT,0,16.659515619277954,16.2411,0.169656,,5748353,,636955,317424,
latin_square,50,sbc,gecode,minizinc,SAT,1,14.906903743743896,14.5537,0.174485,,5748353,,636955,317424,
latin_square,50,sbc,gecode,minizinc,SAT,2,16.935472011566162,16.5817,0.166522,,5748353,,636955,317424,
latin_square,50,sbc,chuffed,minizinc,SAT,0,0.5695772171020508,0.092,0.175949,,36349,,1863,16,
latin_square,50,sbc,chuffed,minizinc,SAT,1,0.6123840808868408,0.108,0.173433,,36349,,1863,16,
latin_square,50,sbc,chuffed,minizinc,SAT,2,0.550548791885376,0.077,0.180786,,36349,,1863,16,
latin_square,50,sbc,z3,smt,TIMEOUT,0,,,,,,,,,
latin_square,50,sbc,z3,smt,TIMEOUT,1,,,,,,,,,
latin_square,50,sbc,z3,smt,TIMEOUT,2,,,,,,,,,
latin_square,50,sbc,cvc5,smt,TIMEOUT,0,,,,,,,,,
latin_square,50,sbc,cvc5,smt,TIMEOUT,1,,,,,,,,,
latin_square,50,sbc,cvc5,smt,TIMEOUT,2,,,,,,,,,
nqueens,10,base,gecode,minizinc,SAT,0,0.2203972339630127,0.000354922,0.0770324,,1827,,53,23,
nqueens,10,base,gecode,minizinc,SAT,1,0.20650887489318848,0.000318803,0.0737649,,1827,,53,23,
nqueens,10,base,gecode,minizinc,SAT,2,0.21623921394348145,0.000313193,0.0823692,,1827,,53,23,
nqueens,10,base,chuffed,minizinc,SAT,0,0.18210244178771973,0.001,0.0706912,,1168,,41,21,
nqueens,10,base,chuffed,minizinc,SAT,1,0.19614648818969727,0.001,0.0745959,,1168,,41,21,
nqueens,10,base,chuffed,minizinc,SAT,2,0.19782114028930664,0.001,0.0732278,,1168,,41,21,
nqueens,10,base,z3,smt,SAT,0,0.027177095413208008,0.02,,40,900,123,,,17.35
nqueens,10,base,z3,smt,SAT,1,0.02396082878112793,0.02,,40,900,123,,,17.35
nqueens,10,base,z3,smt,SAT,2,0.023736238479614258,0.02,,40,900,123,,,17.35
nqueens,10,base,cvc5,smt,SAT,0,0.07332444190979004,0.066,,,,,,,
nqueens,10,base,cvc5,smt,SAT,1,0.0641787052154541,0.058,,,,,,,
nqueens,10,base,cvc5,smt,SAT,2,0.07330179214477539,0.068,,,,,,,
nqueens,10,sbc,gecode,minizinc,SAT,0,0.2100987434387207,0.000298475,0.0719057,,1218,,34,14,
nqueens,10,sbc,gecode,minizinc,SAT,1,0.2123708724975586,0.000239032,0.0736066,,1218,,34,14,
nqueens,10,sbc,gecode,minizinc,SAT,2,0.1992778778076172,0.000239153,0.0737483,,1218,,34,14,
nqueens,10,sbc,chuffed,minizinc,SAT,0,0.1972649097442627,0.001,0.0730869,,1287,,41,27,
nqueens,10,sbc,chuffed,minizinc,SAT,1,0.18517780303955078,0.001,0.059961,,1287,,41,27,
nqueens,10,sbc,chuffed,minizinc,SAT,2,0.19336771965026855,0.001,0.0718352,,1287,,41,27,
nqueens,10,sbc,z3,smt,SAT,0,0.023725509643554688,0.02,,15,518,114,,,17.3
nqueens,10,sbc,z3,smt,SAT,1,0.023557186126708984,0.02,,15,518,114,,,17.3
nqueens,10,sbc,z3,smt,SAT,2,0.025580883026123047,0.02,,15,518,114,,,17.3
nqueens,10,sbc,cvc5,smt,SAT,0,0.01995849609375,0.015,,,,,,,
nqueens,10,sbc,cvc5,smt,SAT,1,0.018871307373046875,0.013,,,,,,,
nqueens,10,sbc,cvc5,smt,SAT,2,0.022615671157836914,0.015,,,,,,,
nqueens,20,base,gecode,minizinc,SAT,0,0.20236468315124512,0.000469339,0.0721563,,2564,,63,26,
nqueens,20,base,gecode,minizinc,SAT,1,0.19978761672973633,0.000457617,0.0752398,,2564,,63,26,
nqueens,20,base,gecode,minizinc,SAT,2,0.1964409351348877,0.000460312,0.0739149,,2564,,63,26,
nqueens,20,base,chuffed,minizinc,SAT,0,0.20075774192810059,0.002,0.0771618,,6731,,120,70,
nqueens,20,base,chuffed,minizinc,SAT,1,0.20044732093811035,0.002,0.078782,,6731,,120,70,
nqueens,20,base,chuffed,minizinc,SAT,2,0.2317366600036621,0.003,0.104072,,6731,,120,70,
nqueens,20,base,z3,smt,SAT,0,0.19301891326904297,0.19,,378,40578,1983,,,18.33
nqueens,20,base,z3,smt,SAT,1,0.1594853401184082,0.15,,378,40578,1983,,,18.33
nqueens,20,base,z3,smt,SAT,2,0.17775511741638184,0.17,,378,40578,1983,,,18.33
nqueens,20,base,cvc5,smt,SAT,0,0.44739842414855957,0.441,,,,,,,
nqueens,20,base,cvc5,smt,SAT,1,0.4409608840942383,0.434,,,,,,,
nqueens,20,base,cvc5,smt,SAT,2,0.4084794521331787,0.402,,,,,,,
nqueens,20,sbc,gecode,minizinc,SAT,0,0.21054744720458984,0.00071344,0.0752628,,4525,,109,49,
nqueens,20,sbc,gecode,minizinc,SAT,1,0.18895673751831055,0.000680629,0.0632871,,4525,,109,49,
nqueens,20,sbc,gecode,minizinc,SAT,2,0.18595457077026367,0.000563126,0.058223,,4525,,109,49,
nqueens,20,sbc,chuffed,minizinc,SAT,0,0.19124269485473633,0.002,0.0644191,,6903,,129,84,
nqueens,20,sbc,chuffed,minizinc,SAT,1,0.19310331344604492,0.003,0.0755992,,6903,,129,84,
nqueens,20,sbc,chuffed,minizinc,SAT,2,0.1791083812713623,0.003,0.0611672,,6903,,129,84,
nqueens,20,sbc,z3,smt,SAT,0,0.3214914798736572,0.32,,799,87799,3537,,,19.19
nqueens,20,sbc,z3,smt,SAT,1,0.2989785671234131,0.29,,799,87799,3537,,,19.19
nqueens,20,sbc,z3,smt,SAT,2,0.30684757232666016,0.3,,799,87799,3537,,,19.19
nqueens,20,sbc,cvc5,smt,SAT,0,0.15565133094787598,0.149,,,,,,,
nqueens,20,sbc,cvc5,smt,SAT,1,0.13133788108825684,0.125,,,,,,,
nqueens,20,sbc,cvc5,smt,SAT,2,0.14254236221313477,0.137,,,,,,,
nqueens,30,base,gecode,minizinc,SAT,0,0.20742464065551758,0.00056544,0.0751542,,3593,,67,22,
nqueens,30,base,gecode,minizinc,SAT,1,0.21268463134765625,0.000667323,0.0744942,,3593,,67,22,
nqueens,30,base,gecode,minizinc,SAT,2,0.22328829765319824,0.000654579,0.0777009,,3593,,67,22,
nqueens,30,base,chuffed,minizinc,SAT,0,0.21120262145996094,0.013,0.0760102,,31637,,828,290,
nqueens,30,base,chuffed,minizinc,SAT,1,0.2068171501159668,0.013,0.0753257,,31637,,828,290,
nqueens,30,base,chuffed,minizinc,SAT,2,0.18713855743408203,0.012,0.0578446,,31637,,828,290,
nqueens,30,base,z3,smt,SAT,0,0.6377596855163574,0.63,,676,175931,6326,,,21.6
nqueens,30,base,z3,smt,SAT,1,0.5927484035491943,0.58,,676,175931,6326,,,21.6
nqueens,30,base,z3,smt,SAT,2,0.5905699729919434,0.58,,676,175931,6326,,,21.6
nqueens,30,base,cvc5,smt,SAT,0,1.235358715057373,1.229,,,,,,,
nqueens,30,base,cvc5,smt,SAT,1,1.5543296337127686,1.547,,,,,,,
nqueens,30,base,cvc5,smt,SAT,2,1.4177696704864502,1.41,,,,,,,
nqueens,30,sbc,gecode,minizinc,SAT,0,0.20914530754089355,0.000532778,0.0751322,,2167,,31,4,
nqueens,30,sbc,gecode,minizinc,SAT,1,0.2187490463256836,0.000518532,0.0763986,,2167,,31,4,
nqueens,30,sbc,gecode,minizinc,SAT,2,0.19742989540100098,0.00039063,0.0736192,,2167,,31,4,
nqueens,30,sbc,chuffed,minizinc,SAT,0,0.2532632350921631,0.046,0.0748394,,110303,,1991,1269,
nqueens,30,sbc,chuffed,minizinc,SAT,1,0.2500491142272949,0.045,0.0761369,,110303,,1991,1269,
nqueens,30,sbc,chuffed,minizinc,SAT,2,0.23997974395751953,0.047,0.0730349,,110303,,1991,1269,
nqueens,30,sbc,z3,smt,SAT,0,1.735717535018921,1.73,,1772,440092,13810,,,26.44
nqueens,30,sbc,z3,smt,SAT,1,1.7129974365234375,1.71,,1772,440092,13810,,,26.44
nqueens,30,sbc,z3,smt,SAT,2,1.6852023601531982,1.68,,1772,440092,13810,,,26.44
nqueens,30,sbc,cvc5,smt,SAT,0,0.922527551651001,0.916,,,,,,,
nqueens,30,sbc,cvc5,smt,SAT,1,0.8880150318145752,0.879,,,,,,,
nqueens,30,sbc,cvc5,smt,SAT,2,0.8526580333709717,0.845,,,,,,,
nqueens,40,base,gecode,minizinc,SAT,0,0.20696353912353516,0.000799554,0.0758629,,4504,,64,16,
nqueens,40,base,gecode,minizinc,SAT,1,0.22650837898254395,0.000757094,0.0780311,,4504,,64,16,
nqueens,40,base,gecode,minizinc,SAT,2,0.21188044548034668,0.000751112,0.0731102,,4504,,64,16,
nqueens,40,base,chuffed,minizinc,SAT,0,0.34161806106567383,0.134,0.0762282,,249949,,5237,2375,
nqueens,40,base,chuffed,minizinc,SAT,1,0.2919304370880127,0.102,0.0676767,,249949,,5237,2375,
nqueens,40,base,chuffed,minizinc,SAT,2,0.35164761543273926,0.129,0.0858235,,249949,,5237,2375,
nqueens,40,base,z3,smt,SAT,0,33.23900651931763,33.18,,13549,6623088,164513,,,64.08
nqueens,40,base,z3,smt,SAT,1,32.21575403213501,32.18,,14030,6801622,168639,,,64.16
nqueens,40,base,z3,smt,SAT,2,32.81156277656555,32.76,,14144,6861480,170261,,,65.2
nqueens,40,base,cvc5,smt,SAT,0,3.1512439250946045,3.143,,,,,,,
nqueens,40,base,cvc5,smt,SAT,1,3.2208197116851807,3.212,,,,,,,
nqueens,40,base,cvc5,smt,SAT,2,3.0348317623138428,3.025,,,,,,,
nqueens,40,sbc,gecode,minizinc,SAT,0,0.21319150924682617,0.00108496,0.0767264,,6469,,133,51,
nqueens,40,sbc,gecode,minizinc,SAT,1,0.20782995223999023,0.00108847,0.0729313,,6469,,133,51,
nqueens,40,sbc,gecode,minizinc,SAT,2,0.21244478225708008,0.00114129,0.0752935,,6469,,133,51,
nqueens,40,sbc,chuffed,minizinc,SAT,0,0.3638620376586914,0.165,0.0730878,,363249,,6188,2994,
nqueens,40,sbc,chuffed,minizinc,SAT,1,0.3705925941467285,0.16,0.075026,,363249,,6188,2994,
nqueens,40,sbc,chuffed,minizinc,SAT,2,0.36246323585510254,0.162,0.073748,,363249,,6188,2994,
nqueens,40,sbc,z3,smt,SAT,0,13.178288459777832,13.16,,7699,3668283,94004,,,41.8
nqueens,40,sbc,z3,smt,SAT,1,13.542766094207764,13.51,,7017,3319430,86184,,,40.45
nqueens,40,sbc,z3,smt,SAT,2,13.135160684585571,13.11,,7437,3535159,90973,,,40.83
nqueens,40,sbc,cvc5,smt,SAT,0,3.5004048347473145,3.492,,,,,,,
nqueens,40,sbc,cvc5,smt,SAT,1,3.305961847305298,3.297,,,,,,,
nqueens,40,sbc,cvc5,smt,SAT,2,3.2892677783966064,3.279,,,,,,,
nqueens,50,base,gecode,minizinc,SAT,0,0.2064533233642578,0.00308168,0.0716264,,19282,,395,177,
nqueens,50,base,gecode,minizinc,SAT,1,0.2023916244506836,0.00328139,0.0754297,,19282,,395,177,
nqueens,50,base,gecode,minizinc,SAT,2,0.21227288246154785,0.00319679,0.0734048,,19282,,395,177,
nqueens,50,base,chuffed,minizinc,SAT,0,0.33423304557800293,0.115,0.073945,,191106,,3716,1730,
nqueens,50,base,chuffed,minizinc,SAT,1,0.33355212211608887,0.107,0.0851542,,191106,,3716,1730,
nqueens,50,base,chuffed,minizinc,SAT,2,0.31897735595703125,0.104,0.0824736,,191106,,3716,1730,
nqueens,50,base,z3,smt,TIMEOUT,0,,,,,,,,,
nqueens,50,base,z3,smt,TIMEOUT,1,,,,,,,,,
nqueens,50,base,z3,smt,TIMEOUT,2,,,,,,,,,
nqueens,50,base,cvc5,smt,SAT,0,16.214959144592285,16.203,,,,,,,
nqueens,50,base,cvc5,smt,SAT,1,13.579988479614258,13.569,,,,,,,
nqueens,50,base,cvc5,smt,SAT,2,12.161660194396973,12.151,,,,,,,
nqueens,50,sbc,gecode,minizinc,SAT,0,0.19748330116271973,0.00111072,0.0764768,,7071,,90,26,
nqueens,50,sbc,gecode,minizinc,SAT,1,0.19883155822753906,0.00117561,0.0593063,,7071,,90,26,
nqueens,50,sbc,gecode,minizinc,SAT,2,0.21085357666015625,0.00120376,0.0700889,,7071,,90,26,
nqueens,50,sbc,chuffed,minizinc,SAT,0,0.23320627212524414,0.038,0.0591187,,114056,,1663,856,
nqueens,50,sbc,chuffed,minizinc,SAT,1,0.25326967239379883,0.048,0.0756565,,114056,,1663,856,
nqueens,50,sbc,chuffed,minizinc,SAT,2,0.26102471351623535,0.046,0.0715496,,114056,,1663,856,
nqueens,50,sbc,z3,smt,TIMEOUT,0,,,,,,,,,
nqueens,50,sbc,z3,smt,TIMEOUT,1,,,,,,,,,
nqueens,50,sbc,z3,smt,TIMEOUT,2,,,,,,,,,
nqueens,50,sbc,cvc5,smt,SAT,0,10.348203659057617,10.336,,,,,,,
nqueens,50,sbc,cvc5,smt,SAT,1,9.195579051971436,9.184,,,,,,,
nqueens,50,sbc,cvc5,smt,SAT,2,10.009127616882324,9.998,,,,,,,
nqueens,60,base,gecode,minizinc,SAT,0,0.19761037826538086,0.00378289,0.070723,,21651,,471,209,
nqueens,60,base,gecode,minizinc,SAT,1,0.19507408142089844,0.00579078,0.0690277,,21651,,471,209,
nqueens,60,base,gecode,minizinc,SAT,2,0.20301508903503418,0.00366858,0.0685988,,21651,,471,209,
nqueens,60,base,chuffed,minizinc,SAT,0,0.3349888324737549,0.142,0.0670418,,339655,,4530,2320,
nqueens,60,base,chuffed,minizinc,SAT,1,0.33887314796447754,0.141,0.0663419,,339655,,4530,2320,
nqueens,60,base,chuffed,minizinc,SAT,2,0.3475029468536377,0.142,0.066387,,339655,,4530,2320,
nqueens,60,base,z3,smt,TIMEOUT,0,,,,,,,,,
nqueens,60,base,z3,smt,TIMEOUT,1,,,,,,,,,
nqueens,60,base,z3,smt,TIMEOUT,2,,,,,,,,,
nqueens,60,base,cvc5,smt,SAT,0,22.62970209121704,22.614,,,,,,,
nqueens,60,base,cvc5,smt,SAT,1,22.554880619049072,22.541,,,,,,,
nqueens,60,base,cvc5,smt,SAT,2,23.651949405670166,23.636,,,,,,,
nqueens,60,sbc,gecode,minizinc,SAT,0,0.2560851573944092,0.00289849,0.0909496,,13682,,242,95,
nqueens,60,sbc,gecode,minizinc,SAT,1,0.25627756118774414,0.0026864,0.0883666,,13682,,242,95,
nqueens,60,sbc,gecode,minizinc,SAT,2,0.25168919563293457,0.00268152,0.090548,,13682,,242,95,
nqueens,60,sbc,chuffed,minizinc,SAT,0,0.36700963973999023,0.105,0.0850435,,157370,,3633,873,
nqueens,60,sbc,chuffed,minizinc,SAT,1,0.35923218727111816,0.101,0.0851487,,157370,,3633,873,
nqueens,60,sbc,chuffed,minizinc,SAT,2,0.3523390293121338,0.101,0.0847764,,157370,,3633,873,
nqueens,60,sbc,z3,smt,TIMEOUT,0,,,,,,,,,
nqueens,60,sbc,z3,smt,TIMEOUT,1,,,,,,,,,
nqueens,60,sbc,z3,smt,TIMEOUT,2,,,,,,,,,
nqueens,60,sbc,cvc5,smt,SAT,0,20.03324270248413,20.016,,,,,,,
nqueens,60,sbc,cvc5,smt,SAT,1,19.014369249343872,19.0,,,,,,,
nqueens,60,sbc,cvc5,smt,SAT,2,17.388612031936646,17.373,,,,,,,
nqueens,70,base,gecode,minizinc,SAT,0,0.2544286251068115,0.00203387,0.097229,,7894,,61,0,
nqueens,70,base,gecode,minizinc,SAT,1,0.27077341079711914,0.00199927,0.0974205,,7894,,61,0,
nqueens,70,base,gecode,minizinc,SAT,2,0.26761484146118164,0.00207589,0.0963898,,7894,,61,0,
nqueens,70,base,chuffed,minizinc,SAT,0,0.454831600189209,0.178,0.0954565,,231173,,5468,1218,
nqueens,70,base,chuffed,minizinc,SAT,1,0.4510610103607178,0.176,0.0937829,,231173,,5468,1218,
nqueens,70,base,chuffed,minizinc,SAT,2,0.4598267078399658,0.178,0.0934685,,231173,,5468,1218,
nqueens,70,base,z3,smt,TIMEOUT,0,,,,,,,,,
nqueens,70,base,z3,smt,TIMEOUT,1,,,,,,,,,
nqueens,70,base,z3,smt,TIMEOUT,2,,,,,,,,,
nqueens,70,base,cvc5,smt,SAT,0,33.45351433753967,33.435,,,,,,,
nqueens,70,base,cvc5,smt,SAT,1,34.68100953102112,34.665,,,,,,,
nqueens,70,base,cvc5,smt,SAT,2,33.01842474937439,33.002,,,,,,,
nqueens,70,sbc,gecode,minizinc,SAT,0,0.18852853775024414,0.00345488,0.0713124,,20440,,364,151,
nqueens,70,sbc,gecode,minizinc,SAT,1,0.19794654846191406,0.00366389,0.0676997,,20440,,364,151,
nqueens,70,sbc,gecode,minizinc,SAT,2,0.19566869735717773,0.00347219,0.0685137,,20440,,364,151,
nqueens,70,sbc,chuffed,minizinc,SAT,0,1.4764389991760254,1.276,0.0531355,,2877028,,24128,17601,
nqueens,70,sbc,chuffed,minizinc,SAT,1,1.4891552925109863,1.271,0.0658542,,2877028,,24128,17601,
nqueens,70,sbc,chuffed,minizinc,SAT,2,1.483147144317627,1.276,0.0674048,,2877028,,24128,17601,
nqueens,70,sbc,z3,smt,TIMEOUT,0,,,,,,,,,
nqueens,70,sbc,z3,smt,TIMEOUT,1,,,,,,,,,
nqueens,70,sbc,z3,smt,TIMEOUT,2,,,,,,,,,
nqueens,70,sbc,cvc5,smt,SAT,0,43.46213483810425,43.442,,,,,,,
nqueens,70,sbc,cvc5,smt,SAT,1,36.5592839717865,36.541,,,,,,,
nqueens,70,sbc,cvc5,smt,SAT,2,32.834158420562744,32.817,,,,,,,
nqueens,80,base,gecode,minizinc,SAT,0,0.2174363136291504,0.00224941,0.0909703,,11832,,89,10,
nqueens,80,base,gecode,minizinc,SAT,1,0.20449090003967285,0.00233551,0.0738862,,11832,,89,10,
nqueens,80,base,gecode,minizinc,SAT,2,0.2090306282043457,0.00237533,0.0759023,,11832,,89,10,
nqueens,80,base,chuffed,minizinc,SAT,0,0.5781915187835693,0.351,0.0718155,,713970,,6047,3823,
nqueens,80,base,chuffed,minizinc,SAT,1,0.5705320835113525,0.345,0.0722798,,713970,,6047,3823,
nqueens,80,base,chuffed,minizinc,SAT,2,0.5739521980285645,0.347,0.0714855,,713970,,6047,3823,
nqueens,80,base,z3,smt,TIMEOUT,0,,,,,,,,,
nqueens,80,base,z3,smt,TIMEOUT,1,,,,,,,,,
nqueens,80,base,z3,smt,TIMEOUT,2,,,,,,,,,
nqueens,80,base,cvc5,smt,SAT,0,66.55204725265503,66.529,,,,,,,
nqueens,80,base,cvc5,smt,SAT,1,63.06739020347595,63.047,,,,,,,
nqueens,80,base,cvc5,smt,SAT,2,68.55471420288086,68.532,,,,,,,
nqueens,80,sbc,gecode,minizinc,SAT,0,0.2891213893890381,0.0834252,0.0744525,,520308,,11711,5819,
nqueens,80,sbc,gecode,minizinc,SAT,1,0.2789742946624756,0.0837046,0.071826,,520308,,11711,5819,
nqueens,80,sbc,gecode,minizinc,SAT,2,0.28333139419555664,0.0845459,0.0719367,,520308,,11711,5819,
nqueens,80,sbc,chuffed,minizinc,SAT,0,0.633277177810669,0.41,0.0717107,,939265,,9506,4482,
nqueens,80,sbc,chuffed,minizinc,SAT,1,0.6251769065856934,0.407,0.0700922,,939265,,9506,4482,
nqueens,80,sbc,chuffed,minizinc,SAT,2,0.6284916400909424,0.407,0.0696236,,939265,,9506,4482,
nqueens,80,sbc,z3,smt,TIMEOUT,0,,,,,,,,,
nqueens,80,sbc,z3,smt,TIMEOUT,1,,,,,,,,,
nqueens,80,sbc,z3,smt,TIMEOUT,2,,,,,,,,,
nqueens,80,sbc,cvc5,smt,SAT,0,77.33229160308838,77.307,,,,,,,
nqueens,80,sbc,cvc5,smt,SAT,1,80.4233136177063,80.398,,,,,,,
nqueens,80,sbc,cvc5,smt,SAT,2,80.31515455245972,80.289,,,,,,,
nqueens,90,base,gecode,minizinc,SAT,0,0.26771068572998047,0.00970746,0.089243,,41811,,664,294,
nqueens,90,base,gecode,minizinc,SAT,1,0.2627522945404053,0.00967582,0.088654,,41811,,664,294,
nqueens,90,base,gecode,minizinc,SAT,2,0.2555506229400635,0.00958136,0.0889969,,41811,,664,294,
nqueens,90,base,chuffed,minizinc,SAT,0,2.3295793533325195,2.029,0.0874584,,2956884,,23734,15567,
nqueens,90,base,chuffed,minizinc,SAT,1,2.3407909870147705,2.053,0.0898481,,2956884,,23734,15567,
nqueens,90,base,chuffed,minizinc,SAT,2,2.3135135173797607,2.033,0.0857398,,2956884,,23734,15567,
nqueens,90,base,z3,smt,TIMEOUT,0,,,,,,,,,
nqueens,90,base,z3,smt,TIMEOUT,1,,,,,,,,,
nqueens,90,base,z3,smt,TIMEOUT,2,,,,,,,,,
nqueens,90,base,cvc5,smt,SAT,0,119.67437148094177,119.648,,,,,,,
nqueens,90,base,cvc5,smt,SAT,1,114.72483491897583,114.698,,,,,,,
nqueens,90,base,cvc5,smt,SAT,2,114.63398361206055,114.608,,,,,,,
nqueens,90,sbc,gecode,minizinc,SAT,0,1.977006435394287,1.76643,0.0711901,,10939996,,178448,89186,
nqueens,90,sbc,gecode,minizinc,SAT,1,1.9821231365203857,1.76367,0.0716402,,10939996,,178448,89186,
nqueens,90,sbc,gecode,minizinc,SAT,2,2.4553370475769043,2.21164,0.0892301,,10939996,,178448,89186,
nqueens,90,sbc,chuffed,minizinc,SAT,0,1.680717945098877,1.398,0.0858183,,1294090,,11239,8116,
nqueens,90,sbc,chuffed,minizinc,SAT,1,1.6604218482971191,1.375,0.0862665,,1294090,,11239,8116,
nqueens,90,sbc,chuffed,minizinc,SAT,2,1.6877450942993164,1.406,0.0878421,,1294090,,11239,8116,
nqueens,90,sbc,z3,smt,TIMEOUT,0,,,,,,,,,
nqueens,90,sbc,z3,smt,TIMEOUT,1,,,,,,,,,
nqueens,90,sbc,z3,smt,TIMEOUT,2,,,,,,,,,
nqueens,90,sbc,cvc5,smt,TIMEOUT,0,,,,,,,,,
nqueens,90,sbc,cvc5,smt,TIMEOUT,1,,,,,,,,,
nqueens,90,sbc,cvc5,smt,TIMEOUT,2,,,,,,,,,
nqueens,100,base,gecode,minizinc,SAT,0,0.25130486488342285,0.00413081,0.0897697,,16232,,110,9,
nqueens,100,base,gecode,minizinc,SAT,1,0.25603365898132324,0.00428596,0.0892732,,16232,,110,9,
nqueens,100,base,gecode,minizinc,SAT,2,0.24962568283081055,0.00417951,0.0889919,,16232,,110,9,
nqueens,100,base,chuffed,minizinc,SAT,0,4.168669939041138,3.878,0.0854994,,4829317,,50116,25862,
nqueens,100,base,chuffed,minizinc,SAT,1,3.5287914276123047,3.266,0.0688884,,4829317,,50116,25862,
nqueens,100,base,chuffed,minizinc,SAT,2,4.025701522827148,3.726,0.086919,,4829317,,50116,25862,
nqueens,100,base,z3,smt,TIMEOUT,0,,,,,,,,,
nqueens,100,base,z3,smt,TIMEOUT,1,,,,,,,,,
nqueens,100,base,z3,smt,TIMEOUT,2,,,,,,,,,
nqueens,100,base,cvc5,smt,TIMEOUT,0,,,,,,,,,
nqueens,100,base,cvc5,smt,TIMEOUT,1,,,,,,,,,
nqueens,100,base,cvc5,smt,TIMEOUT,2,,,,,,,,,
nqueens,100,sbc,gecode,minizinc,SAT,0,0.23172426223754883,0.00382727,0.0891606,,16949,,89,0,
nqueens,100,sbc,gecode,minizinc,SAT,1,0.25843358039855957,0.00381211,0.089699,,16949,,89,0,
nqueens,100,sbc,gecode,minizinc,SAT,2,0.2510192394256592,0.00393491,0.089033,,16949,,89,0,
nqueens,100,sbc,chuffed,minizinc,SAT,0,1.450052261352539,1.194,0.0693605,,2158102,,18613,10297,
nqueens,100,sbc,chuffed,minizinc,SAT,1,1.6759252548217773,1.406,0.0856614,,2158102,,18613,10297,
nqueens,100,sbc,chuffed,minizinc,SAT,2,1.5929136276245117,1.304,0.0854311,,2158102,,18613,10297,
nqueens,100,sbc,z3,smt,TIMEOUT,0,,,,,,,,,
nqueens,100,sbc,z3,smt,TIMEOUT,1,,,,,,,,,
nqueens,100,sbc,z3,smt,TIMEOUT,2,,,,,,,,,
nqueens,100,sbc,cvc5,smt,TIMEOUT,0,,,,,,,,,
nqueens,100,sbc,cvc5,smt,TIMEOUT,1,,,,,,,,,
nqueens,100,sbc,cvc5,smt,TIMEOUT,2,,,,,,,,,
nqueens,110,base,gecode,minizinc,TIMEOUT,0,,,,,,,,,
nqueens,110,base,gecode,minizinc,TIMEOUT,1,,,,,,,,,
nqueens,110,base,gecode,minizinc,TIMEOUT,2,,,,,,,,,
nqueens,110,base,chuffed,minizinc,SAT,0,7.1436448097229,6.806,0.0936677,,6391978,,56730,39745,
nqueens,110,base,chuffed,minizinc,SAT,1,7.616689920425415,7.289,0.0994071,,6391978,,56730,39745,
nqueens,110,base,chuffed,minizinc,SAT,2,7.48907995223999,7.143,0.0942535,,6391978,,56730,39745,
nqueens,110,base,z3,smt,TIMEOUT,0,,,,,,,,,
nqueens,110,base,z3,smt,TIMEOUT,1,,,,,,,,,
nqueens,110,base,z3,smt,TIMEOUT,2,,,,,,,,,
nqueens,110,base,cvc5,smt,TIMEOUT,0,,,,,,,,,
nqueens,110,base,cvc5,smt,TIMEOUT,1,,,,,,,,,
nqueens,110,base,cvc5,smt,TIMEOUT,2,,,,,,,,,
nqueens,110,sbc,gecode,minizinc,SAT,0,5.695762634277344,5.43872,0.0922535,,26397198,,491075,245490,
nqueens,110,sbc,gecode,minizinc,SAT,1,5.801478862762451,5.54631,0.0906025,,26397198,,491075,245490,
nqueens,110,sbc,gecode,minizinc,SAT,2,6.599254846572876,6.36319,0.0894755,,26397198,,491075,245490,
nqueens,110,sbc,chuffed,minizinc,SAT,0,6.376620531082153,6.09,0.0709596,,9456267,,79330,45250,
nqueens,110,sbc,chuffed,minizinc,SAT,1,7.83247447013855,7.529,0.0870317,,9456267,,79330,45250,
nqueens,110,sbc,chuffed,minizinc,SAT,2,6.586174488067627,6.308,0.0709215,,9456267,,79330,45250,
nqueens,110,sbc,z3,smt,TIMEOUT,0,,,,,,,,,
nqueens,110,sbc,z3,smt,TIMEOUT,1,,,,,,,,,
nqueens,110,sbc,z3,smt,TIMEOUT,2,,,,,,,,,
nqueens,110,sbc,cvc5,smt,TIMEOUT,0,,,,,,,,,
nqueens,110,sbc,cvc5,smt,TIMEOUT,1,,,,,,,,,
nqueens,110,sbc,cvc5,smt,TIMEOUT,2,,,,,,,,,
nqueens,120,base,gecode,minizinc,SAT,0,94.68487215042114,94.4212,0.108007,,424520658,,6853037,3426470,
nqueens,120,base,gecode,minizinc,SAT,1,36780.92414522171,101.954,0.0739331,,424520658,,6853037,3426470,
nqueens,120,base,gecode,minizinc,SAT,2,2020.8165321350098,97.5424,0.0965983,,424520658,,6853037,3426470,
nqueens,120,base,chuffed,minizinc,SAT,0,1.938967227935791,1.635,0.0838189,,1906509,,34879,5533,
nqueens,120,base,chuffed,minizinc,SAT,1,1.918591022491455,1.622,0.0856963,,1906509,,34879,5533,
nqueens,120,base,chuffed,minizinc,SAT,2,1.6253361701965332,1.321,0.0842781,,1906509,,34879,5533,
nqueens,120,base,z3,smt,TIMEOUT,0,,,,,,,,,
nqueens,120,base,z3,smt,TIMEOUT,1,,,,,,,,,
nqueens,120,base,z3,smt,TIMEOUT,2,,,,,,,,,
nqueens,120,base,cvc5,smt,TIMEOUT,0,,,,,,,,,
nqueens,120,base,cvc5,smt,TIMEOUT,1,,,,,,,,,
nqueens,120,base,cvc5,smt,TIMEOUT,2,,,,,,,,,
nqueens,120,sbc,gecode,minizinc,SAT,0,0.7868828773498535,0.52698,0.0944553,,2097303,,37416,18657,
nqueens,120,sbc,gecode,minizinc,SAT,1,0.8092169761657715,0.555511,0.0935248,,2097303,,37416,18657,
nqueens,120,sbc,gecode,minizinc,SAT,2,0.9311885833740234,0.644155,0.10609,,2097303,,37416,18657,
nqueens,120,sbc,chuffed,minizinc,SAT,0,1.0632693767547607,0.693,0.105091,,750795,,10537,3354,
nqueens,120,sbc,chuffed,minizinc,SAT,1,0.9755313396453857,0.646,0.0980237,,750795,,10537,3354,
nqueens,120,sbc,chuffed,minizinc,SAT,2,1.0013759136199951,0.65,0.0983905,,750795,,10537,3354,
nqueens,120,sbc,z3,smt,TIMEOUT,0,,,,,,,,,
nqueens,120,sbc,z3,smt,TIMEOUT,1,,,,,,,,,
nqueens,120,sbc,z3,smt,TIMEOUT,2,,,,,,,,,
nqueens,120,sbc,cvc5,smt,TIMEOUT,0,,,,,,,,,
nqueens,120,sbc,cvc5,smt,TIMEOUT,1,,,,,,,,,
nqueens,120,sbc,cvc5,smt,TIMEOUT,2,,,,,,,,,
nqueens,130,base,gecode,minizinc,TIMEOUT,0,,,,,,,,,
nqueens,130,base,gecode,minizinc,TIMEOUT,1,,,,,,,,,
nqueens,130,base,gecode,minizinc,TIMEOUT,2,,,,,,,,,
nqueens,130,base,chuffed,minizinc,SAT,0,36.981929302215576,36.431,0.131274,,22022399,,133470,95670,
nqueens,130,base,chuffed,minizinc,SAT,1,33.4239981174469,32.876,0.147723,,22022399,,133470,95670,
nqueens,130,base,chuffed,minizinc,SAT,2,26.730637788772583,26.299,0.102149,,22022399,,133470,95670,
nqueens,130,base,z3,smt,TIMEOUT,0,,,,,,,,,
nqueens,130,base,z3,smt,TIMEOUT,1,,,,,,,,,
nqueens,130,base,z3,smt,TIMEOUT,2,,,,,,,,,
nqueens,130,base,cvc5,smt,TIMEOUT,0,,,,,,,,,
nqueens,130,base,cvc5,smt,TIMEOUT,1,,,,,,,,,
nqueens,130,base,cvc5,smt,TIMEOUT,2,,,,,,,,,
nqueens,130,sbc,gecode,minizinc,TIMEOUT,0,,,,,,,,,
nqueens,130,sbc,gecode,minizinc,TIMEOUT,1,,,,,,,,,
nqueens,130,sbc,gecode,minizinc,TIMEOUT,2,,,,,,,,,
nqueens,130,sbc,chuffed,minizinc,SAT,0,17.751643896102905,17.294,0.123395,,12609611,,200664,58815,
nqueens,130,sbc,chuffed,minizinc,SAT,1,24.357378005981445,23.897,0.103313,,12609611,,200664,58815,
nqueens,130,sbc,chuffed,minizinc,SAT,2,21.615711450576782,21.191,0.110763,,12609611,,200664,58815,
nqueens,130,sbc,z3,smt,TIMEOUT,0,,,,,,,,,
nqueens,130,sbc,z3,smt,TIMEOUT,1,,,,,,,,,
nqueens,130,sbc,z3,smt,TIMEOUT,2,,,,,,,,,
nqueens,130,sbc,cvc5,smt,TIMEOUT,0,,,,,,,,,
nqueens,130,sbc,cvc5,smt,TIMEOUT,1,,,,,,,,,
nqueens,130,sbc,cvc5,smt,TIMEOUT,2,,,,,,,,,
nqueens,140,base,gecode,minizinc,TIMEOUT,0,,,,,,,,,
nqueens,140,base,gecode,minizinc,TIMEOUT,1,,,,,,,,,
nqueens,140,base,gecode,minizinc,TIMEOUT,2,,,,,,,,,
nqueens,140,base,chuffed,minizinc,SAT,0,44.88912892341614,44.287,0.129905,,16234189,,153320,89136,
nqueens,140,base,chuffed,minizinc,SAT,1,40.407944202423096,39.881,0.125751,,16234189,,153320,89136,
nqueens,140,base,chuffed,minizinc,SAT,2,37.40925621986389,36.899,0.130779,,16234189,,153320,89136,
nqueens,140,base,z3,smt,TIMEOUT,0,,,,,,,,,
nqueens,140,base,z3,smt,TIMEOUT,1,,,,,,,,,
nqueens,140,base,z3,smt,TIMEOUT,2,,,,,,,,,
nqueens,140,base,cvc5,smt,TIMEOUT,0,,,,,,,,,
nqueens,140,base,cvc5,smt,TIMEOUT,1,,,,,,,,,
nqueens,140,base,cvc5,smt,TIMEOUT,2,,,,,,,,,
nqueens,140,sbc,gecode,minizinc,SAT,0,0.3217153549194336,0.0114344,0.110497,,31569,,141,5,
nqueens,140,sbc,gecode,minizinc,SAT,1,0.3298068046569824,0.0109421,0.107548,,31569,,141,5,
nqueens,140,sbc,gecode,minizinc,SAT,2,0.3088817596435547,0.0109299,0.105684,,31569,,141,5,
nqueens,140,sbc,chuffed,minizinc,SAT,0,13.740613222122192,13.252,0.134681,,7770809,,208286,13164,
nqueens,140,sbc,chuffed,minizinc,SAT,1,14.52553415298462,14.046,0.132729,,7770809,,208286,13164,
nqueens,140,sbc,chuffed,minizinc,SAT,2,14.126322746276855,13.677,0.109677,,7770809,,208286,13164,
nqueens,140,sbc,z3,smt,TIMEOUT,0,,,,,,,,,
nqueens,140,sbc,z3,smt,TIMEOUT,1,,,,,,,,,
nqueens,140,sbc,z3,smt,TIMEOUT,2,,,,,,,,,
nqueens,140,sbc,cvc5,smt,TIMEOUT,0,,,,,,,,,
nqueens,140,sbc,cvc5,smt,TIMEOUT,1,,,,,,,,,
nqueens,140,sbc,cvc5,smt,TIMEOUT,2,,,,,,,,,
nqueens,150,base,gecode,minizinc,SAT,0,5.265335321426392,4.89885,0.113865,,17830225,,323817,161840,
nqueens,150,base,gecode,minizinc,SAT,1,3.1946663856506348,2.87056,0.13498,,17830225,,323817,161840,
nqueens,150,base,gecode,minizinc,SAT,2,5.219809055328369,4.9156,0.110013,,17830225,,323817,161840,
nqueens,150,base,chuffed,minizinc,SAT,0,16.17006826400757,15.668,0.126311,,11805939,,130212,41802,
nqueens,150,base,chuffed,minizinc,SAT,1,17.30052137374878,16.826,0.127446,,11805939,,130212,41802,
nqueens,150,base,chuffed,minizinc,SAT,2,17.55506682395935,17.078,0.112197,,11805939,,130212,41802,
nqueens,150,base,z3,smt,TIMEOUT,0,,,,,,,,,
nqueens,150,base,z3,smt,TIMEOUT,1,,,,,,,,,
nqueens,150,base,z3,smt,TIMEOUT,2,,,,,,,,,
nqueens,150,base,cvc5,smt,TIMEOUT,0,,,,,,,,,
nqueens,150,base,cvc5,smt,TIMEOUT,1,,,,,,,,,
nqueens,150,base,cvc5,smt,TIMEOUT,2,,,,,,,,,
nqueens,150,sbc,gecode,minizinc,SAT,0,0.36548686027526855,0.0195113,0.131584,,36295,,146,0,
nqueens,150,sbc,gecode,minizinc,SAT,1,0.3417642116546631,0.0132157,0.113077,,36295,,146,0,
nqueens,150,sbc,gecode,minizinc,SAT,2,0.3242645263671875,0.0107378,0.118925,,36295,,146,0,
nqueens,150,sbc,chuffed,minizinc,SAT,0,9.049804210662842,8.632,0.102097,,5631379,,153703,8456,
nqueens,150,sbc,chuffed,minizinc,SAT,1,9.682881355285645,9.216,0.101664,,5631379,,153703,8456,
nqueens,150,sbc,chuffed,minizinc,SAT,2,10.143474102020264,9.674,0.107833,,5631379,,153703,8456,
nqueens,150,sbc,z3,smt,TIMEOUT,0,,,,,,,,,
nqueens,150,sbc,z3,smt,TIMEOUT,1,,,,,,,,,
nqueens,150,sbc,z3,smt,TIMEOUT,2,,,,,,,,,
nqueens,150,sbc,cvc5,smt,TIMEOUT,0,,,,,,,,,
nqueens,150,sbc,cvc5,smt,TIMEOUT,1,,,,,,,,,
nqueens,150,sbc,cvc5,smt,TIMEOUT,2,,,,,,,,,
