family,size_param,regime,sbc,pb_vars,pb_constraints,opb_bytes,roundingsat_time_s,roundingsat_status,rsat_det_time,rsat_conflicts,rsat_decisions,rsat_propagations,rsat_cpu_s,rsat_log_lines,rsat_log_bytes,veripb_proof_lines,veripb_proof_bytes,veripb_elaborate_time_s,kernel_cert_chars,check_ns,check_status,pipeline_gross_s,pipeline_net_s,pipeline_status
clique,3,none,—,3,6,172,0.0028,UNSAT,28,2,1,5,0.000364,11,206,11,224,0.0027,224,176264,OK,2.415,0.246,OK
clique,3,vp,value_precedence,3,7,185,0.0030,UNSAT,4,0,0,3,0,10,167,10,181,0.0026,181,122321,OK,2.491,0.322,OK
clique,4,none,—,8,22,571,0.0027,UNSAT,313,7,7,33,0.000261,20,492,20,524,0.0023,524,500048,OK,2.502,0.333,OK
clique,4,vp,value_precedence,8,24,609,0.0030,UNSAT,11,0,0,8,0,18,347,18,372,0.0023,372,262547,OK,2.424,0.255,OK
clique,5,none,—,15,50,1370,0.0041,UNSAT,2223,32,43,194,0.001356,54,1717,54,1794,0.0030,1794,508022,OK,2.535,0.366,OK
clique,5,vp,value_precedence,15,53,1445,0.0029,UNSAT,25,0,0,15,0.000542,28,591,28,629,0.0028,629,238932,OK,2.533,0.364,OK
clique,6,none,—,24,93,2672,0.0039,UNSAT,13721,141,177,971,0,168,6669,168,6913,0.0025,6913,2217602,OK,2.526,0.357,OK
clique,6,vp,value_precedence,24,97,2803,0.0033,UNSAT,46,0,0,24,0,41,972,41,1027,0.0026,1027,512811,OK,2.427,0.258,OK
clique,7,none,—,35,154,4580,0.0113,UNSAT,126603,618,799,5731,0.007331,656,31444,656,32692,0.0039,32692,11429905,OK,2.524,0.355,OK
clique,7,vp,value_precedence,35,159,4781,0.0028,UNSAT,74,0,0,35,0.000988,57,1434,57,1510,0.0023,1510,695217,OK,2.531,0.362,OK
clique,8,none,—,48,236,7206,0.0338,UNSAT,793354,2250,2669,25275,0.021923,2378,137205,2378,141501,0.0082,141501,58473721,OK,2.521,0.352,OK
clique,8,vp,value_precedence,48,242,7491,0.0029,UNSAT,109,0,0,48,0.001389,76,1989,76,2090,0.0025,2090,1045621,OK,2.538,0.369,OK
clique,9,none,—,63,342,10660,0.0569,UNSAT,1264746,4157,5425,48290,0.041332,4251,225951,4251,233605,0.0095,233605,84091825,OK,2.624,0.455,OK
clique,9,vp,value_precedence,63,349,11043,0.0036,UNSAT,151,0,0,63,4e-05,98,2648,98,2778,0.0027,2778,1376568,OK,2.64,0.471,OK
clique,10,none,—,80,475,15053,0.1602,UNSAT,4745537,11580,14842,150797,0.141044,11877,658957,11877,681498,0.0228,681498,265330955,OK,2.831,0.662,OK
clique,10,vp,value_precedence,80,483,15548,0.0028,UNSAT,200,0,0,80,0.00058,123,3422,123,3585,0.0028,3585,2193125,OK,2.845,0.676,OK
clique,11,none,—,99,638,20495,0.6528,UNSAT,23476813,41057,50908,597207,0.534178,42919,2635189,42921,2712854,0.0939,2712854,1166845976,OK,3.928,1.76,OK
clique,11,vp,value_precedence,99,647,21116,0.0046,UNSAT,256,0,0,99,0.000921,151,4309,151,4509,0.0031,4509,2282273,OK,2.93,0.761,OK
clique,12,none,—,120,834,27598,2.1429,UNSAT,92944017,115997,141936,1801526,1.79169,116226,7526871,116228,7749745,0.2688,7749745,3422190201,OK,6.402,4.233,OK
clique,12,vp,value_precedence,120,844,28361,0.0047,UNSAT,319,0,0,120,0.003295,182,5413,182,5654,0.0034,5654,3220992,OK,2.9,0.731,OK
clique,13,none,—,143,1066,36112,10.8293,UNSAT,570099269,442103,525111,7565715,9.40801,447237,32329333,447239,33204778,1.1480,33204778,16131319881,OK,20.11,17.941,OK
clique,13,vp,value_precedence,143,1077,37051,0.0052,UNSAT,389,0,0,143,0.001641,216,7040,216,7326,0.0039,7326,4646973,OK,3.129,0.96,OK
clique,14,none,—,168,1337,46156,31.0903,UNSAT,1664824910,1165095,1389342,20180589,27.5497,1168679,82727484,1168681,85011198,3.0240,85011198,39357447918,OK,45.244,43.075,OK
clique,14,vp,value_precedence,168,1349,47287,0.0054,UNSAT,466,0,0,168,0.002334,253,8466,253,8801,0.0036,8801,5666504,OK,3.625,1.456,OK
clique,15,none,—,195,1650,57853,186.3047,UNSAT,10924804412,5098379,5977792,92209639,171.052,5134195,380908355,5134198,390961911,13.8665,390961911,182758829152,OK,199.499,197.33,OK
clique,15,vp,value_precedence,195,1663,59192,0.0062,UNSAT,550,0,0,195,0.003339,293,10034,293,10422,0.0056,10422,5025558,OK,4.12,1.951,OK
schur,5,none,—,5,12,371,0.0044,UNSAT,67,2,1,9,0,17,318,17,347,0.0028,347,271143,OK,2.457,0.22,OK
schur,5,vp,value_precedence,5,13,384,0.0026,UNSAT,10,0,0,5,0,14,258,14,277,0.0020,277,124777,OK,2.477,0.24,OK
schur,6,none,—,6,18,530,0.0032,UNSAT,71,2,1,9,0.000419,19,335,19,368,0.0022,368,287494,OK,2.503,0.266,OK
schur,6,vp,value_precedence,6,19,543,0.0028,UNSAT,10,0,0,5,0.000193,15,269,15,289,0.0022,289,112023,OK,2.534,0.297,OK
schur,7,none,—,7,24,689,0.0028,UNSAT,92,2,1,11,0,20,361,20,396,0.0019,396,242058,OK,2.646,0.409,OK
schur,7,vp,value_precedence,7,25,702,0.0043,UNSAT,10,0,0,5,0,16,280,16,301,0.0026,301,246217,OK,2.621,0.384,OK
schur,14,none,—,28,161,5553,0.0058,UNSAT,23934,151,161,1408,0.003402,229,11303,229,11558,0.0031,11558,3818392,OK,2.96,0.723,OK
schur,14,vp,value_precedence,28,163,5591,0.0095,UNSAT,3389,31,34,283,0.003656,608,57206,608,55943,0.0033,55943,12207140,OK,2.884,0.647,OK
schur,15,none,—,30,183,6334,0.0062,UNSAT,25792,151,164,1496,0.002331,227,11452,227,11712,0.0033,11712,4301066,OK,3.016,0.779,OK
schur,15,vp,value_precedence,30,185,6372,0.0118,UNSAT,3443,27,27,285,0.00746,871,109839,871,106854,0.0049,106854,20173697,OK,2.902,0.665,OK
schur,45,none,—,135,2114,85547,,TIMEOUT,,,,,,,,,,,,,,,,
schur,45,vp,value_precedence,135,2117,85622,42.9134,UNSAT,1004177586,535109,603476,13421597,39.1818,582033,101834434,582033,101946721,2.7029,101946721,47662852352,OK,69.963,67.726,OK
vdw,9,none,—,9,32,901,0.0028,UNSAT,585,10,9,53,0.000986,19,572,19,593,0.0028,593,367496,OK,2.693,0.557,OK
vdw,9,vp,value_precedence,9,33,914,0.0030,UNSAT,245,5,4,27,0,22,492,22,525,0.0026,525,257228,OK,2.73,0.593,OK
vdw,10,none,—,10,40,1122,0.0028,UNSAT,673,9,8,63,0.000844,23,696,23,731,0.0028,731,551856,OK,2.838,0.701,OK
vdw,10,vp,value_precedence,10,41,1135,0.0028,UNSAT,274,5,4,30,0.000183,22,492,22,525,0.0022,525,347047,OK,2.725,0.588,OK
vdw,11,none,—,11,50,1399,0.0024,UNSAT,628,8,7,56,0.000201,21,592,21,627,0.0027,627,494417,OK,2.807,0.671,OK
vdw,11,vp,value_precedence,11,51,1412,0.0030,UNSAT,333,5,4,33,0.000778,22,495,22,526,0.0031,526,389116,OK,2.7,0.563,OK
vdw,27,none,—,54,534,19141,0.0844,UNSAT,3097187,4657,5225,78033,0.070308,4755,391266,4755,400120,0.0182,400120,211127753,OK,4.223,2.086,OK
vdw,27,vp,value_precedence,54,536,19179,0.0989,UNSAT,1229061,2104,2348,34238,0.078584,3956,541630,3956,532648,0.0148,532648,166744719,OK,4.152,2.015,OK
vdw,28,none,—,56,574,20598,0.1207,UNSAT,4259242,5801,6437,98114,0.091521,5973,482811,5973,494210,0.0217,494210,303816552,OK,4.482,2.346,OK
vdw,28,vp,value_precedence,56,576,20636,0.1549,UNSAT,2960211,2035,2260,33804,0.126088,4655,1260260,4655,1237833,0.0264,1237833,275051495,OK,4.602,2.466,OK
vdw,76,none,—,228,5776,246869,,TIMEOUT,,,,,,,,,,,,,,,,
vdw,76,vp,value_precedence,228,5779,246944,,TIMEOUT,,,,,,,,,,,,,,,,
php,2,none,—,3,2,105,0.0035,UNSAT,2,1,0,0,0,7,157,7,168,0.0026,168,111350,OK,3.718,0.487,OK
php,2,vp,value_precedence,3,3,118,0.0031,UNSAT,4,0,0,3,0,11,201,11,217,0.0025,217,158909,OK,3.542,0.311,OK
php,3,none,—,8,7,257,0.0034,UNSAT,3,1,0,0,0.001027,7,180,7,191,0.0026,191,129053,OK,3.644,0.413,OK
php,3,vp,value_precedence,8,9,295,0.0024,UNSAT,11,0,0,8,0.000356,19,414,19,440,0.0024,440,271822,OK,3.724,0.493,OK
php,4,none,—,15,14,497,0.0029,UNSAT,4,1,0,0,0.000269,7,210,7,221,0.0020,221,175180,OK,3.529,0.298,OK
php,4,vp,value_precedence,15,17,572,0.0025,UNSAT,25,0,0,15,0,28,696,28,731,0.0023,731,433115,OK,3.728,0.497,OK
php,5,none,—,24,23,814,0.0031,UNSAT,5,1,0,0,0,7,234,7,245,0.0017,245,126087,OK,3.804,0.573,OK
php,5,vp,value_precedence,24,27,945,0.0030,UNSAT,46,0,0,24,0.000218,39,1056,39,1101,0.0023,1101,366920,OK,3.532,0.302,OK
php,6,none,—,35,34,1204,0.0028,UNSAT,6,1,0,0,0.00067,7,258,7,269,0.0021,269,114776,OK,3.619,0.389,OK
php,6,vp,value_precedence,35,39,1405,0.0030,UNSAT,74,0,0,35,0.000261,52,1500,52,1556,0.0021,1556,495883,OK,3.754,0.523,OK
php,7,none,—,48,47,1670,0.0036,UNSAT,7,1,0,0,0.000372,7,282,7,293,0.0021,293,145073,OK,3.555,0.324,OK
php,7,vp,value_precedence,48,53,1955,0.0025,UNSAT,109,0,0,48,0.000204,67,2052,67,2120,0.0024,2120,661966,OK,3.741,0.51,OK
php,8,none,—,63,62,2210,0.0036,UNSAT,22,1,0,0,0,7,306,7,317,0.0023,317,167816,OK,3.849,0.619,OK
php,8,vp,value_precedence,63,69,2593,0.0032,UNSAT,151,0,0,63,0.000193,84,2744,84,2825,0.0027,2825,1880619,OK,3.54,0.309,OK
php,9,none,—,80,79,2824,0.0042,UNSAT,18,1,0,0,0.001343,7,330,7,341,0.0030,341,522222,OK,3.747,0.516,OK
php,9,vp,value_precedence,80,87,3319,0.0034,UNSAT,200,0,0,80,0.000723,103,3561,103,3656,0.0018,3656,1406768,OK,3.877,0.647,OK
php,10,none,—,99,98,3521,0.0039,UNSAT,20,1,0,0,0.002066,7,355,7,366,0.0026,366,527893,OK,3.768,0.538,OK
php,10,vp,value_precedence,99,107,4143,0.0041,UNSAT,256,0,0,99,0.000201,124,4479,124,4589,0.0026,4589,1823963,OK,3.838,0.608,OK
php,11,none,—,120,119,4364,0.0044,UNSAT,22,1,0,0,0.001763,7,392,7,403,0.0024,403,515029,OK,3.931,0.701,OK
php,11,vp,value_precedence,120,129,5127,0.0040,UNSAT,319,0,0,120,0.001449,147,5569,147,5695,0.0027,5695,3695054,OK,3.842,0.611,OK
php,12,none,—,143,142,5290,0.0041,UNSAT,24,1,0,0,0.001643,7,417,7,428,0.0023,428,352053,OK,4.024,0.794,OK
php,12,vp,value_precedence,143,153,6229,0.0037,UNSAT,389,0,0,143,0.00075,172,6733,172,6876,0.0031,6876,3826962,OK,3.848,0.617,OK
clique_coloring,2,none,—,22,71,1835,0.0038,UNSAT,2976,28,29,298,0.00039,49,2229,49,2284,0.0024,2284,1113997,OK,2.644,0.508,OK
clique_coloring,2,vp,value_precedence,22,73,1873,0.0045,UNSAT,388,5,4,55,0.001849,287,20744,287,20566,0.0031,20566,3141814,OK,2.644,0.508,OK
clique_coloring,3,none,—,69,330,9289,0.0352,UNSAT,946651,1802,2079,36751,0.021626,1888,159696,1888,162612,0.0086,162612,72925561,OK,3.628,1.491,OK
clique_coloring,3,vp,value_precedence,69,333,9364,0.0094,UNSAT,20436,106,122,1984,0.00427,657,61221,657,60421,0.0030,60421,10236185,OK,3.532,1.395,OK
clique_coloring,4,none,—,188,1321,40949,63.7773,UNSAT,4375407878,1384245,1646701,51693149,59.4973,1390077,185806406,1390077,188553344,6.4220,188553344,131208884063,OK,146.654,144.517,OK
clique_coloring,4,vp,value_precedence,188,1325,41080,0.7100,UNSAT,14452690,15992,19842,548125,0.579261,23544,3717069,23544,3688067,0.0819,3688067,1345882891,OK,10.277,8.14,OK
ramsey,6,none,—,15,40,1162,0.0029,UNSAT,1027,20,27,88,0.00014,31,833,31,876,0.0023,876,480661,OK,4.149,0.907,OK
ramsey,6,vp,value_precedence,15,41,1175,0.0032,UNSAT,513,11,14,53,0.000356,26,580,26,616,0.0026,616,394245,OK,4.041,0.8,OK
ramsey,7,none,—,21,70,2029,0.0034,UNSAT,1092,20,27,89,0.000727,31,841,31,884,0.0030,884,772238,OK,4.536,1.295,OK
ramsey,7,vp,value_precedence,21,71,2042,0.0030,UNSAT,555,11,14,53,0,27,591,27,628,0.0028,628,465241,OK,4.455,1.214,OK
ramsey,8,none,—,28,112,3251,0.0030,UNSAT,1135,20,27,88,0.000961,31,882,31,925,0.0024,925,623163,OK,5.154,1.912,OK
ramsey,8,vp,value_precedence,28,113,3264,0.0035,UNSAT,597,11,14,53,0.001091,28,638,28,676,0.0024,676,714678,OK,5.128,1.886,OK
ramsey,9,none,—,36,168,4885,0.0033,UNSAT,1189,20,27,88,0.000372,31,889,31,932,0.0020,932,782207,OK,6.14,2.898,OK
ramsey,9,vp,value_precedence,36,169,4898,0.0037,UNSAT,639,11,14,53,0.000903,29,653,29,692,0.0024,692,355540,OK,6.258,3.017,OK
ramsey,10,none,—,45,240,6991,0.0037,UNSAT,1243,20,27,88,0.000553,31,891,31,934,0.0024,934,1088432,OK,7.528,4.286,OK
ramsey,10,vp,value_precedence,45,241,7004,0.0036,UNSAT,681,11,14,53,0.000869,30,667,30,707,0.0026,707,1049897,OK,7.536,4.295,OK
oddcycle,5,none,—,5,10,253,0.0024,UNSAT,46,2,1,9,0,13,261,13,283,0.0027,283,215121,OK,2.456,0.287,OK
oddcycle,5,vp,value_precedence,5,11,266,0.0032,UNSAT,6,0,0,5,0,12,190,12,206,0.0026,206,164003,OK,2.447,0.278,OK
oddcycle,7,none,—,7,14,333,0.0026,UNSAT,64,2,1,13,0.000341,15,321,15,347,0.0025,347,233947,OK,2.566,0.397,OK
oddcycle,7,vp,value_precedence,7,15,346,0.0024,UNSAT,8,0,0,7,0,14,214,14,232,0.0022,232,131671,OK,2.436,0.267,OK
oddcycle,9,none,—,9,18,413,0.0025,UNSAT,82,2,1,17,0.000417,17,375,17,405,0.0024,405,284003,OK,2.544,0.375,OK
oddcycle,9,vp,value_precedence,9,19,426,0.0037,UNSAT,10,0,0,9,7e-05,16,238,16,258,0.0021,258,171858,OK,2.538,0.369,OK
oddcycle,11,none,—,11,22,502,0.0026,UNSAT,100,2,1,21,0.000187,19,437,19,471,0.0024,471,329469,OK,2.64,0.471,OK
oddcycle,11,vp,value_precedence,11,23,515,0.0023,UNSAT,12,0,0,11,0.000141,18,263,18,285,0.0021,285,135158,OK,2.648,0.479,OK
oddcycle,13,none,—,13,26,590,0.0025,UNSAT,118,2,1,25,0,21,493,21,531,0.0024,531,252212,OK,2.753,0.584,OK
oddcycle,13,vp,value_precedence,13,27,603,0.0027,UNSAT,14,0,0,13,0,20,287,20,311,0.0025,311,211845,OK,2.765,0.596,OK
oddcycle,15,none,—,15,30,678,0.0029,UNSAT,136,2,1,29,0,23,555,23,597,0.0024,597,195734,OK,2.849,0.68,OK
oddcycle,15,vp,value_precedence,15,31,691,0.0024,UNSAT,16,0,0,15,0.000262,22,311,22,337,0.0020,337,215120,OK,2.833,0.664,OK
oddcycle,17,none,—,17,34,766,0.0028,UNSAT,154,2,1,33,0.000727,25,612,25,658,0.0025,658,290275,OK,3.048,0.879,OK
oddcycle,17,vp,value_precedence,17,35,779,0.0031,UNSAT,18,0,0,17,0.000307,24,335,24,363,0.0024,363,125059,OK,3.039,0.87,OK
oddcycle,19,none,—,19,38,854,0.0030,UNSAT,172,2,1,37,0.000441,27,675,27,725,0.0023,725,223156,OK,3.123,0.954,OK
oddcycle,19,vp,value_precedence,19,39,867,0.0025,UNSAT,20,0,0,19,0.000372,26,359,26,389,0.0029,389,133284,OK,3.119,0.95,OK
oddcycle,21,none,—,21,42,942,0.0028,UNSAT,190,2,1,41,0.000271,29,731,29,785,0.0021,785,419871,OK,3.336,1.167,OK
oddcycle,21,vp,value_precedence,21,43,955,0.0024,UNSAT,22,0,0,21,0,28,383,28,415,0.0024,415,142552,OK,3.323,1.154,OK
oddcycle,23,none,—,23,46,1030,0.0035,UNSAT,208,2,1,45,0,31,793,31,851,0.0027,851,303449,OK,3.534,1.365,OK
oddcycle,23,vp,value_precedence,23,47,1043,0.0032,UNSAT,24,0,0,23,0.000299,30,407,30,441,0.0032,441,144666,OK,3.48,1.311,OK
oddcycle,25,none,—,25,50,1118,0.0027,UNSAT,226,2,1,49,0,33,849,33,911,0.0027,911,476509,OK,3.601,1.432,OK
oddcycle,25,vp,value_precedence,25,51,1131,0.0034,UNSAT,26,0,0,25,0.000676,32,431,32,467,0.0022,467,298690,OK,3.532,1.363,OK
oddcycle,27,none,—,27,54,1206,0.0032,UNSAT,244,2,1,53,0,35,911,35,977,0.0027,977,439699,OK,3.827,1.658,OK
oddcycle,27,vp,value_precedence,27,55,1219,0.0026,UNSAT,28,0,0,27,0.00054,34,455,34,493,0.0024,493,261058,OK,3.933,1.764,OK
oddcycle,29,none,—,29,58,1294,0.0033,UNSAT,262,2,1,57,0.001091,37,967,37,1037,0.0026,1037,370887,OK,4.038,1.869,OK
oddcycle,29,vp,value_precedence,29,59,1307,0.0026,UNSAT,30,0,0,29,0,36,479,36,519,0.0026,519,333136,OK,4.097,1.928,OK
oddcycle,31,none,—,31,62,1382,0.0031,UNSAT,280,2,1,61,0.000848,39,1029,39,1103,0.0024,1103,316203,OK,4.213,2.044,OK
oddcycle,31,vp,value_precedence,31,63,1395,0.0028,UNSAT,32,0,0,31,0.000159,38,503,38,545,0.0030,545,410112,OK,4.428,2.259,OK
oddcycle,33,none,—,33,66,1470,0.0029,UNSAT,298,2,1,65,0,41,1088,41,1166,0.0024,1166,332714,OK,4.599,2.43,OK
oddcycle,33,vp,value_precedence,33,67,1483,0.0030,UNSAT,34,0,0,33,0,40,530,40,574,0.0024,574,358643,OK,4.524,2.355,OK
oddcycle,35,none,—,35,70,1558,0.0030,UNSAT,316,2,1,69,0.000457,43,1156,43,1238,0.0020,1238,345709,OK,4.832,2.663,OK
oddcycle,35,vp,value_precedence,35,71,1571,0.0032,UNSAT,36,0,0,35,0,42,560,42,606,0.0027,606,223105,OK,4.804,2.635,OK
oddcycle,37,none,—,37,74,1646,0.0030,UNSAT,334,2,1,73,0.000344,45,1218,45,1304,0.0024,1304,645991,OK,5.038,2.869,OK
oddcycle,37,vp,value_precedence,37,75,1659,0.0029,UNSAT,38,0,0,37,0,44,590,44,638,0.0029,638,458213,OK,5.191,3.022,OK
oddcycle,39,none,—,39,78,1734,0.0038,UNSAT,352,2,1,77,0.000307,47,1286,47,1376,0.0026,1376,800334,OK,5.317,3.148,OK
oddcycle,39,vp,value_precedence,39,79,1747,0.0027,UNSAT,40,0,0,39,0,46,620,46,670,0.0024,670,219778,OK,5.405,3.236,OK
oddcycle,41,none,—,41,82,1822,0.0031,UNSAT,370,2,1,81,0.000463,49,1348,49,1442,0.0026,1442,761911,OK,5.73,3.561,OK
oddcycle,41,vp,value_precedence,41,83,1835,0.0029,UNSAT,42,0,0,41,0.000258,48,650,48,702,0.0025,702,234696,OK,5.74,3.571,OK
oddcycle,43,none,—,43,86,1910,0.0030,UNSAT,388,2,1,85,0.000406,51,1416,51,1514,0.0022,1514,407816,OK,5.931,3.762,OK
oddcycle,43,vp,value_precedence,43,87,1923,0.0027,UNSAT,44,0,0,43,0.000298,50,680,50,734,0.0028,734,359034,OK,5.936,3.767,OK
oddcycle,45,none,—,45,90,1998,0.0027,UNSAT,406,2,1,89,0.000305,53,1478,53,1580,0.0020,1580,467660,OK,6.276,4.107,OK
oddcycle,45,vp,value_precedence,45,91,2011,0.0025,UNSAT,46,0,0,45,0,52,710,52,766,0.0024,766,349054,OK,6.424,4.255,OK
oddcycle,47,none,—,47,94,2086,0.0033,UNSAT,424,2,1,93,0.000841,55,1546,55,1652,0.0022,1652,564164,OK,6.628,4.459,OK
oddcycle,47,vp,value_precedence,47,95,2099,0.0028,UNSAT,48,0,0,47,0.000521,54,740,54,798,0.0026,798,571557,OK,6.734,4.565,OK
oddcycle,49,none,—,49,98,2174,0.0030,UNSAT,442,2,1,97,0.000499,57,1609,57,1719,0.0022,1719,815311,OK,7.042,4.873,OK
oddcycle,49,vp,value_precedence,49,99,2187,0.0038,UNSAT,50,0,0,49,0,56,769,56,829,0.0030,829,558482,OK,7.587,5.418,OK
oddcycle,51,none,—,51,102,2263,0.0034,UNSAT,460,2,1,101,0.000169,59,1677,59,1791,0.0023,1791,809880,OK,7.464,5.295,OK
oddcycle,51,vp,value_precedence,51,103,2276,0.0030,UNSAT,52,0,0,51,0.00057,58,798,58,860,0.0027,860,605682,OK,7.58,5.411,OK
mutilated,4,none,—,20,28,814,0.0040,UNSAT,26,1,0,0,0.001071,7,445,7,456,0.0025,456,232112,OK,2.298,0.162,OK
mutilated,4,var,variable lex/reflection,20,29,835,0.0037,UNSAT,29,1,0,0,0.000388,8,479,8,488,0.0026,488,307595,OK,2.58,0.443,OK
mutilated,6,none,—,56,68,2174,0.0040,UNSAT,99,1,0,0,0.000299,7,926,7,937,0.0028,937,427522,OK,2.506,0.369,OK
mutilated,6,var,variable lex/reflection,56,69,2195,0.0047,UNSAT,94,1,0,0,0.000627,7,926,7,937,0.0026,937,590142,OK,2.539,0.403,OK
mutilated,8,none,—,108,124,4164,0.0042,UNSAT,87,1,0,0,0.001898,7,1613,7,1624,0.0032,1624,529637,OK,3.719,1.583,OK
mutilated,8,var,variable lex/reflection,108,125,4185,0.0049,UNSAT,87,1,0,0,0.001079,7,1614,7,1625,0.0022,1625,676476,OK,3.534,1.398,OK
mutilated,10,none,—,176,196,6980,0.0066,UNSAT,185,1,0,0,0.001355,7,2514,7,2525,0.0023,2525,864593,OK,7.496,5.359,OK
mutilated,10,var,variable lex/reflection,176,197,7001,0.0061,UNSAT,185,1,0,0,0.002221,7,2514,7,2525,0.0030,2525,736038,OK,7.494,5.357,OK
mutilated,12,none,—,260,284,10452,0.0064,UNSAT,331,1,0,0,0.00173,7,3613,7,3624,0.0026,3624,1195811,OK,18.409,16.273,OK
mutilated,12,var,variable lex/reflection,260,285,10474,0.0076,UNSAT,331,1,0,0,0.001827,7,3614,7,3625,0.0022,3625,1619474,OK,18.503,16.367,OK
matching,5,none,—,20,30,828,0.0053,UNSAT,871,8,7,105,0.001249,86,9661,86,9445,0.0028,9445,1916096,OK,2.387,0.25,OK
matching,5,var,variable lex/reflection,20,31,848,0.0044,UNSAT,638,6,5,79,0.001934,74,9191,74,8963,0.0025,8963,2139971,OK,2.506,0.369,OK
matching,7,none,—,42,56,1670,0.0074,UNSAT,8837,43,49,714,0.004346,159,23889,159,23407,0.0029,23407,6204966,OK,2.406,0.269,OK
matching,7,var,variable lex/reflection,42,57,1690,0.0059,UNSAT,7993,39,38,627,0.001386,155,13958,155,13892,0.0031,13892,4248232,OK,2.518,0.382,OK
matching,9,none,—,72,90,2808,0.0230,UNSAT,281509,402,448,7415,0.014611,614,77489,614,77334,0.0042,77334,26628701,OK,2.812,0.675,OK
matching,9,var,variable lex/reflection,72,91,2829,0.0210,UNSAT,235942,370,418,6636,0.012651,891,99161,891,98464,0.0058,98464,24984678,OK,2.704,0.567,OK
matching,11,none,—,110,132,4288,0.1521,UNSAT,4586164,2917,3558,50217,0.113704,5292,874649,5292,863676,0.0355,863676,288937170,OK,4.128,1.992,OK
matching,11,var,variable lex/reflection,110,133,4309,0.1420,UNSAT,5484749,2952,3530,57901,0.114477,4939,1192687,4939,1170118,0.0310,1170118,359046442,OK,4.3,2.163,OK
matching,13,none,—,156,182,6215,0.3134,UNSAT,16067428,3873,5244,116246,0.26621,10332,2789601,10332,2706215,0.0528,2706215,716881959,OK,7.191,5.055,OK
matching,13,var,variable lex/reflection,156,183,6236,0.1563,UNSAT,6812827,2059,2913,59477,0.13379,5545,1432144,5545,1390981,0.0305,1390981,342145780,OK,6.694,4.558,OK
matching,15,none,—,210,240,8459,0.5463,UNSAT,33233378,5893,9678,205875,0.492874,17634,5616871,17634,5428540,0.0950,5428540,1458752215,OK,13.359,11.222,OK
matching,15,var,variable lex/reflection,210,241,8480,0.9098,UNSAT,69339623,9858,13913,369271,0.803675,28265,9945868,28265,9621582,0.1741,9621582,2629158471,OK,14.504,12.367,OK
matching,17,none,—,272,306,11031,1.4688,UNSAT,140907188,12317,19407,471893,1.33005,34686,14114806,34686,13626946,0.2432,13626946,3804496334,OK,26.025,23.888,OK
matching,17,var,variable lex/reflection,272,307,11052,4.8247,UNSAT,474929941,38937,57950,1863478,4.39098,118784,50598354,118784,48802753,0.8475,48802753,13301627994,OK,36.066,33.929,OK
matching,19,none,—,342,380,13931,14.4784,UNSAT,1862698389,76688,127941,3343914,13.5801,242740,113542393,242740,109257006,1.8564,109257006,33299837541,OK,76.586,74.45,OK
matching,19,var,variable lex/reflection,342,381,13952,8.4325,UNSAT,1058540109,49757,82394,2142364,7.89378,164624,76758027,164624,73794992,1.2595,73794992,21522658419,OK,64.163,62.026,OK
langford,2,none,—,12,15,549,0.0026,UNSAT,24,0,0,12,0,22,465,22,502,0.0026,502,247639,OK,2.253,0.117,OK
langford,2,var,variable lex/reflection,12,16,577,0.0029,UNSAT,24,0,0,12,0,22,465,22,502,0.0025,502,318192,OK,2.343,0.206,OK
langford,5,none,—,90,100,4608,0.0219,UNSAT,120165,221,437,4315,0.016636,1144,272315,1144,262623,0.0078,262623,49636194,OK,2.222,0.085,OK
langford,5,var,variable lex/reflection,90,101,4678,0.0208,UNSAT,53301,126,254,2393,0.012959,886,319603,886,306689,0.0078,306689,52692295,OK,2.365,0.228,OK
langford,6,none,—,132,144,6981,0.0441,UNSAT,544792,559,1118,10890,0.036407,2300,583543,2300,563440,0.0127,563440,125701551,OK,2.442,0.306,OK
langford,6,var,variable lex/reflection,132,145,7067,0.0447,UNSAT,555449,430,790,8601,0.038941,2277,669275,2277,646242,0.0116,646242,135713708,OK,2.43,0.293,OK
langford,9,none,—,306,324,17021,2.6638,UNSAT,229842968,16520,22869,644490,2.4884,89693,29762217,89693,28779175,0.5589,28779175,9730606148,OK,12.799,10.663,OK
langford,9,var,variable lex/reflection,306,325,17155,1.7490,UNSAT,140655635,11148,15508,410749,1.59042,71058,21613000,71058,20808074,0.3936,20808074,7346568793,OK,10.197,8.06,OK
langford,10,none,—,380,400,21298,4.5554,UNSAT,304827284,30477,42916,1253611,4.16752,176607,61726166,176607,59341576,1.0473,59341576,19407999709,OK,23.413,21.276,OK
langford,10,var,variable lex/reflection,380,401,21448,3.2563,UNSAT,196437343,21468,29722,858933,3.03723,136825,51406430,136825,49361008,0.8138,49361008,15669095180,OK,19.403,17.266,OK
